pair_id,day,baseline_position_mm,vibration_magnitude_mm,pre_vibration_position_mm,post_vibration_position_mm,residual_offset_mm,returned_to_baseline,days_unreturned_streak,discrepancy_mm,signal_intensity_pct,status_reference
WallPair01,1,0.0,1.452,-0.0109,0.0565,0.0565,True,0,0.0565,98.74,NORMAL
WallPair01,2,0.0,1.5374,0.095,0.128,0.128,True,0,0.128,97.55,NORMAL
WallPair01,3,0.0,0.1828,0.0506,0.0154,0.0154,True,0,0.0154,99.63,NORMAL
WallPair01,4,0.0,1.1242,0.1084,0.025,0.025,True,0,0.025,98.1,NORMAL
WallPair01,5,0.0,1.2092,-0.1172,0.1384,0.1384,True,0,0.1384,98.48,NORMAL
WallPair01,6,0.0,0.3312,0.0892,-0.0453,-0.0453,True,0,0.0453,99.81,NORMAL
WallPair01,7,0.0,1.3796,-0.0171,0.0133,0.0133,True,0,0.0133,98.3,NORMAL
WallPair01,8,0.0,2.0422,-0.0342,-0.1034,-0.1034,True,0,0.1034,98.15,NORMAL
WallPair01,9,0.0,0.3584,-0.0179,-0.0107,-0.0107,True,0,0.0107,99.88,NORMAL
WallPair01,10,0.0,1.0087,-0.0637,0.0326,0.0326,True,0,0.0326,99.32,NORMAL
WallPair01,11,0.0,0.9921,0.0539,-0.0452,-0.0452,True,0,0.0452,98.96,NORMAL
WallPair01,12,0.0,0.5545,-0.07,0.0512,0.0512,True,0,0.0512,98.31,NORMAL
WallPair01,13,0.0,0.868,0.09,-0.1091,-0.1091,True,0,0.1091,98.54,NORMAL
WallPair01,14,0.0,1.2759,-0.1359,-0.0266,-0.0266,True,0,0.0266,98.17,NORMAL
WallPair01,15,0.0,0.4006,0.0288,0.0463,0.0463,True,0,0.0463,98.06,NORMAL
WallPair01,16,0.0,0.8426,0.055,-0.1039,-0.1039,True,0,0.1039,99.3,NORMAL
WallPair01,17,0.0,1.1049,-0.1192,-0.142,-0.142,True,0,0.142,97.58,NORMAL
WallPair01,18,0.0,0.545,-0.1007,0.1154,0.1154,True,0,0.1154,98.62,NORMAL
WallPair01,19,0.0,1.8393,0.0952,-0.0073,-0.0073,True,0,0.0073,98.86,NORMAL
WallPair01,20,0.0,1.6888,0.0205,0.0351,0.0351,True,0,0.0351,99.0,NORMAL
WallPair01,21,0.0,1.1148,0.0762,-0.0165,-0.0165,True,0,0.0165,99.43,NORMAL
WallPair01,22,0.0,0.1919,-0.0866,0.0944,0.0944,True,0,0.0944,98.33,NORMAL
WallPair01,23,0.0,1.0121,-0.0336,0.021,0.021,True,0,0.021,99.15,NORMAL
WallPair01,24,0.0,1.1179,0.0145,-0.0026,-0.0026,True,0,0.0026,99.92,NORMAL
WallPair01,25,0.0,0.0372,-0.0179,0.1231,0.1231,True,0,0.1231,98.66,NORMAL
WallPair01,26,0.0,2.2281,0.0904,-0.06,-0.06,True,0,0.06,98.01,NORMAL
WallPair01,27,0.0,1.6644,-0.0287,-0.1363,-0.1363,True,0,0.1363,98.95,NORMAL
WallPair01,28,0.0,2.4792,-0.2381,0.1405,0.1405,True,0,0.1405,98.96,NORMAL
WallPair01,29,0.0,0.3094,0.1166,0.1889,0.1889,True,0,0.1889,98.34,NORMAL
WallPair01,30,0.0,1.0591,0.1654,-0.0749,-0.0749,True,0,0.0749,97.86,NORMAL
WallPair01,31,0.0,0.3136,-0.1239,-0.0619,-0.0619,True,0,0.0619,98.75,NORMAL
WallPair01,32,0.0,1.2902,0.0636,-0.0617,-0.0617,True,0,0.0617,99.63,NORMAL
WallPair01,33,0.0,2.0061,-0.2142,-0.063,-0.063,True,0,0.063,99.02,NORMAL
WallPair01,34,0.0,2.6625,-0.1203,-0.0243,-0.0243,True,0,0.0243,99.4,NORMAL
WallPair01,35,0.0,1.5726,0.0044,-0.051,-0.051,True,0,0.051,98.98,NORMAL
WallPair01,36,0.0,1.4269,0.0322,-0.0024,-0.0024,True,0,0.0024,99.67,NORMAL
WallPair01,37,0.0,1.0827,0.0807,0.029,0.029,True,0,0.029,99.54,NORMAL
WallPair01,38,0.0,1.271,0.0242,-0.1131,-0.1131,True,0,0.1131,98.91,NORMAL
WallPair01,39,0.0,0.4759,-0.0148,0.1151,0.1151,True,0,0.1151,98.32,NORMAL
WallPair01,40,0.0,0.0033,0.0518,0.0343,0.0343,True,0,0.0343,98.27,NORMAL
WallPair01,41,0.0,1.5704,0.0272,0.598,0.598,False,1,0.598,96.31,NORMAL
WallPair01,42,0.0,1.5942,0.6416,1.1757,1.1757,False,2,1.1757,94.6,NORMAL
WallPair01,43,0.0,1.2123,1.2234,1.629,1.629,False,3,1.629,93.28,WATCH
WallPair01,44,0.0,1.3672,1.6464,2.1533,2.1533,False,4,2.1533,91.03,WATCH
WallPair01,45,0.0,0.9151,2.1128,2.5136,2.5136,False,5,2.5136,87.99,WATCH
WallPair01,46,0.0,0.8799,2.5932,2.9356,2.9356,False,6,2.9356,87.97,WATCH
WallPair01,47,0.0,0.8025,2.9031,3.2565,3.2565,False,7,3.2565,85.88,WARNING
WallPair01,48,0.0,2.6881,3.1496,4.3945,4.3945,False,8,4.3945,80.77,WARNING
WallPair01,49,0.0,0.7812,4.3702,4.5839,4.5839,False,9,4.5839,80.74,WARNING
WallPair01,50,0.0,1.9356,4.7771,5.5128,5.5128,False,10,5.5128,77.42,WARNING
WallPair01,51,0.0,2.3066,5.5751,6.546,6.546,False,11,6.546,72.18,WARNING
WallPair01,52,0.0,0.6706,6.5987,6.9897,6.9897,False,12,6.9897,71.51,WARNING
WallPair01,53,0.0,0.0919,6.9562,7.0788,7.0788,False,13,7.0788,70.88,WARNING
WallPair01,54,0.0,2.3995,7.0773,8.2259,8.2259,False,14,8.2259,65.54,CRITICAL
WallPair01,55,0.0,0.8643,8.1258,8.5866,8.5866,False,15,8.5866,64.72,CRITICAL
WallPair01,56,0.0,1.1397,8.6062,9.156,9.156,False,16,9.156,62.89,CRITICAL
WallPair01,57,0.0,0.8936,9.206,9.6283,9.6283,False,17,9.6283,59.73,CRITICAL
WallPair01,58,0.0,3.1959,9.6098,11.3936,11.3936,False,18,11.3936,52.82,CRITICAL
WallPair01,59,0.0,0.9024,11.3419,11.9596,11.9596,False,19,11.9596,51.86,CRITICAL
WallPair01,60,0.0,0.3001,11.847,12.0307,12.0307,False,20,12.0307,50.0,CRITICAL
WallPair01,61,0.0,1.6206,12.0419,13.0593,13.0593,False,21,13.0593,46.89,CRITICAL
WallPair01,62,0.0,0.2872,12.9721,13.1924,13.1924,False,22,13.1924,45.88,CRITICAL
WallPair01,63,0.0,1.7007,13.1732,14.1215,14.1215,False,23,14.1215,42.71,CRITICAL
WallPair01,64,0.0,1.6427,14.1624,15.1097,15.1097,False,24,15.1097,37.68,CRITICAL
WallPair01,65,0.0,1.3688,15.1004,15.9633,15.9633,False,25,15.9633,34.27,CRITICAL
WallPair01,66,0.0,0.3945,16.0532,16.2597,16.2597,False,26,16.2597,34.84,CRITICAL
WallPair01,67,0.0,0.1575,16.161,16.3327,16.3327,False,27,16.3327,33.67,CRITICAL
WallPair01,68,0.0,0.3272,16.4109,16.5575,16.5575,False,28,16.5575,32.52,CRITICAL
WallPair01,69,0.0,1.8406,16.4978,17.7054,17.7054,False,29,17.7054,29.08,CRITICAL
WallPair01,70,0.0,1.9156,17.7406,18.9803,18.9803,False,30,18.9803,22.87,CRITICAL
WallPair01,71,0.0,2.6246,19.0688,20.7818,20.7818,False,31,20.7818,15.8,CRITICAL
WallPair01,72,0.0,0.733,20.8485,21.3167,21.3167,False,32,21.3167,14.46,CRITICAL
WallPair01,73,0.0,0.8603,21.3769,22.0033,22.0033,False,33,22.0033,11.2,CRITICAL
WallPair01,74,0.0,0.2049,21.9996,22.1061,22.1061,False,34,22.1061,10.34,CRITICAL
WallPair01,75,0.0,2.3236,22.1097,23.717,23.717,False,35,23.717,5.01,CRITICAL
WallPair01,76,0.0,0.1816,23.7818,23.9149,23.9149,False,36,23.9149,3.16,CRITICAL
WallPair01,77,0.0,2.3837,23.8404,25.6463,25.6463,False,37,25.6463,0.0,CRITICAL
WallPair01,78,0.0,0.3211,25.6395,25.9414,25.9414,False,38,25.9414,0.0,CRITICAL
WallPair01,79,0.0,1.9695,25.8645,27.3167,27.3167,False,39,27.3167,0.0,CRITICAL
WallPair01,80,0.0,1.7477,27.3963,28.8669,28.8669,False,40,28.8669,0.0,CRITICAL
WallPair01,81,0.0,2.6278,28.741,30.9112,30.9112,False,41,30.9112,0.0,CRITICAL
WallPair01,82,0.0,0.7545,30.8274,31.5298,31.5298,False,42,31.5298,0.0,CRITICAL
WallPair01,83,0.0,1.4257,31.4926,32.6418,32.6418,False,43,32.6418,0.0,CRITICAL
WallPair01,84,0.0,1.5896,32.664,33.8701,33.8701,False,44,33.8701,0.0,CRITICAL
WallPair01,85,0.0,0.5054,34.0149,34.3574,34.3574,False,45,34.3574,0.0,CRITICAL
WallPair01,86,0.0,0.74,34.4321,35.0347,35.0347,False,46,35.0347,0.0,CRITICAL
WallPair01,87,0.0,1.7511,35.0774,36.5178,36.5178,False,47,36.5178,0.0,CRITICAL
WallPair01,88,0.0,0.3299,36.4546,36.8318,36.8318,False,48,36.8318,0.0,CRITICAL
WallPair01,89,0.0,2.3674,36.7213,38.8894,38.8894,False,49,38.8894,0.0,CRITICAL
WallPair01,90,0.0,0.4241,38.946,39.2564,39.2564,False,50,39.2564,0.0,CRITICAL
WallPair02,1,0.0,0.2805,0.0036,-0.0611,-0.0611,True,0,0.0611,99.49,NORMAL
WallPair02,2,0.0,1.7236,-0.07,0.0179,0.0179,True,0,0.0179,99.45,NORMAL
WallPair02,3,0.0,0.7928,-0.0382,0.0005,0.0005,True,0,0.0005,99.05,NORMAL
WallPair02,4,0.0,1.1543,-0.2083,0.0969,0.0969,True,0,0.0969,99.21,NORMAL
WallPair02,5,0.0,0.3182,0.1096,0.0349,0.0349,True,0,0.0349,97.86,NORMAL
WallPair02,6,0.0,0.3233,0.0135,0.0048,0.0048,True,0,0.0048,98.7,NORMAL
WallPair02,7,0.0,0.9125,-0.0047,-0.0879,-0.0879,True,0,0.0879,98.93,NORMAL
WallPair02,8,0.0,0.2914,-0.0693,-0.269,-0.269,True,0,0.269,98.42,NORMAL
WallPair02,9,0.0,0.7187,-0.2049,-0.0873,-0.0873,True,0,0.0873,98.49,NORMAL
WallPair02,10,0.0,0.0866,-0.0167,-0.0714,-0.0714,True,0,0.0714,98.19,NORMAL
WallPair02,11,0.0,0.5334,0.0623,0.0788,0.0788,True,0,0.0788,98.64,NORMAL
WallPair02,12,0.0,0.8054,0.0999,-0.1394,-0.1394,True,0,0.1394,98.45,NORMAL
WallPair02,13,0.0,0.5925,-0.1173,-0.0861,-0.0861,True,0,0.0861,98.77,NORMAL
WallPair02,14,0.0,1.4536,-0.0874,-0.1522,-0.1522,True,0,0.1522,98.19,NORMAL
WallPair02,15,0.0,1.4471,-0.1106,0.026,0.026,True,0,0.026,99.43,NORMAL
WallPair02,16,0.0,1.4873,0.0521,-0.0859,-0.0859,True,0,0.0859,98.23,NORMAL
WallPair02,17,0.0,0.472,-0.0294,0.0726,0.0726,True,0,0.0726,99.34,NORMAL
WallPair02,18,0.0,1.2241,-0.039,0.0417,0.0417,True,0,0.0417,99.52,NORMAL
WallPair02,19,0.0,2.0814,0.0584,0.0887,0.0887,True,0,0.0887,97.77,NORMAL
WallPair02,20,0.0,1.0156,0.0578,0.048,0.048,True,0,0.048,97.84,NORMAL
WallPair02,21,0.0,1.4888,0.0514,0.042,0.042,True,0,0.042,98.19,NORMAL
WallPair02,22,0.0,1.1784,0.0344,-0.0037,-0.0037,True,0,0.0037,99.87,NORMAL
WallPair02,23,0.0,0.4279,-0.0222,-0.1486,-0.1486,True,0,0.1486,98.08,NORMAL
WallPair02,24,0.0,1.1556,-0.0409,0.0368,0.0368,True,0,0.0368,98.85,NORMAL
WallPair02,25,0.0,0.3852,-0.0508,0.0635,0.0635,True,0,0.0635,99.21,NORMAL
WallPair02,26,0.0,0.6642,0.0662,0.0727,0.0727,True,0,0.0727,99.41,NORMAL
WallPair02,27,0.0,0.1221,0.005,-0.0851,-0.0851,True,0,0.0851,97.87,NORMAL
WallPair02,28,0.0,1.5323,-0.0183,0.0145,0.0145,True,0,0.0145,98.2,NORMAL
WallPair02,29,0.0,0.4166,0.0729,0.0126,0.0126,True,0,0.0126,99.88,NORMAL
WallPair02,30,0.0,1.3135,-0.0446,-0.1056,-0.1056,True,0,0.1056,98.01,NORMAL
WallPair02,31,0.0,2.4991,-0.0768,-0.074,-0.074,True,0,0.074,99.57,NORMAL
WallPair02,32,0.0,2.7654,-0.0429,0.1846,0.1846,True,0,0.1846,98.27,NORMAL
WallPair02,33,0.0,1.6968,0.2637,-0.0913,-0.0913,True,0,0.0913,97.65,NORMAL
WallPair02,34,0.0,2.7336,-0.0686,-0.0068,-0.0068,True,0,0.0068,98.58,NORMAL
WallPair02,35,0.0,0.109,-0.015,0.0563,0.0563,True,0,0.0563,98.1,NORMAL
WallPair02,36,0.0,0.6854,0.049,0.1751,0.1751,True,0,0.1751,97.63,NORMAL
WallPair02,37,0.0,1.0691,0.1179,0.1632,0.1632,True,0,0.1632,99.25,NORMAL
WallPair02,38,0.0,1.8548,0.2234,-0.1741,-0.1741,True,0,0.1741,97.46,NORMAL
WallPair02,39,0.0,0.8301,0.0093,0.0143,0.0143,True,0,0.0143,98.27,NORMAL
WallPair02,40,0.0,1.6529,-0.0038,0.085,0.085,True,0,0.085,98.06,NORMAL
WallPair02,41,0.0,2.5773,0.0934,-0.0496,-0.0496,True,0,0.0496,98.19,NORMAL
WallPair02,42,0.0,0.9818,-0.0477,0.0391,0.0391,True,0,0.0391,99.7,NORMAL
WallPair02,43,0.0,1.5983,-0.1164,0.2384,0.2384,True,0,0.2384,97.23,NORMAL
WallPair02,44,0.0,1.0592,0.1965,0.0558,0.0558,True,0,0.0558,98.49,NORMAL
WallPair02,45,0.0,1.0301,-0.0381,-0.145,-0.145,True,0,0.145,97.5,NORMAL
WallPair02,46,0.0,1.7322,-0.1199,-0.0153,-0.0153,True,0,0.0153,99.38,NORMAL
WallPair02,47,0.0,1.1967,-0.0014,0.0275,0.0275,True,0,0.0275,99.46,NORMAL
WallPair02,48,0.0,1.7692,0.0141,-0.0222,-0.0222,True,0,0.0222,98.35,NORMAL
WallPair02,49,0.0,1.028,0.0118,-0.1022,-0.1022,True,0,0.1022,97.74,NORMAL
WallPair02,50,0.0,2.0481,0.0228,0.0853,0.0853,True,0,0.0853,99.53,NORMAL
WallPair02,51,0.0,1.414,0.0647,-0.0317,-0.0317,True,0,0.0317,98.97,NORMAL
WallPair02,52,0.0,2.1666,-0.0376,-0.1416,-0.1416,True,0,0.1416,99.41,NORMAL
WallPair02,53,0.0,1.467,-0.2373,-0.0578,-0.0578,True,0,0.0578,99.44,NORMAL
WallPair02,54,0.0,0.707,0.0404,0.0507,0.0507,True,0,0.0507,98.3,NORMAL
WallPair02,55,0.0,1.4594,-0.0296,-0.2031,-0.2031,True,0,0.2031,98.36,NORMAL
WallPair02,56,0.0,2.0524,-0.2675,-0.0415,-0.0415,True,0,0.0415,97.91,NORMAL
WallPair02,57,0.0,1.6715,-0.0536,-0.0246,-0.0246,True,0,0.0246,99.69,NORMAL
WallPair02,58,0.0,0.0808,-0.0449,0.0347,0.0347,True,0,0.0347,98.34,NORMAL
WallPair02,59,0.0,1.4936,0.1437,0.6343,0.6343,False,1,0.6343,96.83,NORMAL
WallPair02,60,0.0,2.4442,0.6339,1.6865,1.6865,False,2,1.6865,92.99,NORMAL
WallPair02,61,0.0,0.6273,1.6577,1.8968,1.8968,False,3,1.8968,90.53,WATCH
WallPair02,62,0.0,1.9947,1.935,2.7241,2.7241,False,4,2.7241,88.11,WATCH
WallPair02,63,0.0,1.0287,2.7531,3.1535,3.1535,False,5,3.1535,85.55,WARNING
WallPair02,64,0.0,1.6776,3.1371,3.8484,3.8484,False,6,3.8484,82.8,WARNING
WallPair02,65,0.0,1.4556,3.7843,4.5041,4.5041,False,7,4.5041,81.9,WARNING
WallPair02,66,0.0,1.1785,4.394,5.0339,5.0339,False,8,5.0339,78.09,WARNING
WallPair02,67,0.0,0.4639,5.0202,5.2453,5.2453,False,9,5.2453,77.05,WARNING
WallPair02,68,0.0,0.4253,5.2608,5.5031,5.5031,False,10,5.5031,76.95,WARNING
WallPair02,69,0.0,2.3189,5.4906,6.5582,6.5582,False,11,6.5582,73.09,WARNING
WallPair02,70,0.0,2.0488,6.5839,7.725,7.725,False,12,7.725,68.46,WARNING
WallPair02,71,0.0,1.5005,7.528,8.3177,8.3177,False,13,8.3177,66.15,CRITICAL
WallPair02,72,0.0,1.8327,8.2366,9.2131,9.2131,False,14,9.2131,61.27,CRITICAL
WallPair02,73,0.0,0.5988,9.1628,9.5985,9.5985,False,15,9.5985,60.7,CRITICAL
WallPair02,74,0.0,1.8474,9.5207,10.4457,10.4457,False,16,10.4457,56.58,CRITICAL
WallPair02,75,0.0,0.6721,10.4187,10.8148,10.8148,False,17,10.8148,56.07,CRITICAL
WallPair02,76,0.0,0.084,10.9193,10.8961,10.8961,False,18,10.8961,54.78,CRITICAL
WallPair02,77,0.0,0.7814,10.8677,11.3942,11.3942,False,19,11.3942,52.95,CRITICAL
WallPair02,78,0.0,0.2994,11.2867,11.5313,11.5313,False,20,11.5313,53.43,CRITICAL
WallPair02,79,0.0,1.2272,11.5055,12.1551,12.1551,False,21,12.1551,50.14,CRITICAL
WallPair02,80,0.0,1.7144,12.1847,13.0845,13.0845,False,22,13.0845,46.77,CRITICAL
WallPair02,81,0.0,0.9036,13.2257,13.6625,13.6625,False,23,13.6625,44.14,CRITICAL
WallPair02,82,0.0,2.074,13.6859,14.9644,14.9644,False,24,14.9644,39.31,CRITICAL
WallPair02,83,0.0,1.3966,14.9836,15.7288,15.7288,False,25,15.7288,35.35,CRITICAL
WallPair02,84,0.0,0.9204,15.8114,16.3981,16.3981,False,26,16.3981,33.63,CRITICAL
WallPair02,85,0.0,1.4338,16.4008,17.174,17.174,False,27,17.174,31.07,CRITICAL
WallPair02,86,0.0,1.2293,17.1878,18.0238,18.0238,False,28,18.0238,26.5,CRITICAL
WallPair02,87,0.0,0.3632,17.9943,18.3058,18.3058,False,29,18.3058,24.8,CRITICAL
WallPair02,88,0.0,1.4381,18.2045,19.0944,19.0944,False,30,19.0944,22.65,CRITICAL
WallPair02,89,0.0,0.075,19.1616,19.1831,19.1831,False,31,19.1831,22.12,CRITICAL
WallPair02,90,0.0,0.9901,19.2259,19.9624,19.9624,False,32,19.9624,19.49,CRITICAL
WallPair03,1,0.0,1.7432,0.0028,0.0102,0.0102,True,0,0.0102,99.14,NORMAL
WallPair03,2,0.0,0.9614,-0.0475,0.0033,0.0033,True,0,0.0033,99.72,NORMAL
WallPair03,3,0.0,0.8813,-0.0054,-0.0501,-0.0501,True,0,0.0501,97.8,NORMAL
WallPair03,4,0.0,1.5579,-0.0166,0.0141,0.0141,True,0,0.0141,98.61,NORMAL
WallPair03,5,0.0,1.5991,-0.0261,0.0408,0.0408,True,0,0.0408,98.37,NORMAL
WallPair03,6,0.0,1.252,-0.0825,-0.0562,-0.0562,True,0,0.0562,98.5,NORMAL
WallPair03,7,0.0,1.5054,-0.084,-0.128,-0.128,True,0,0.128,98.77,NORMAL
WallPair03,8,0.0,0.4849,0.0262,0.1044,0.1044,True,0,0.1044,98.3,NORMAL
WallPair03,9,0.0,0.4401,0.1297,-0.0111,-0.0111,True,0,0.0111,99.71,NORMAL
WallPair03,10,0.0,1.942,0.0167,0.0514,0.0514,True,0,0.0514,98.12,NORMAL
WallPair03,11,0.0,1.3443,0.0601,-0.0762,-0.0762,True,0,0.0762,99.66,NORMAL
WallPair03,12,0.0,3.3543,-0.0808,-0.0075,-0.0075,True,0,0.0075,98.53,NORMAL
WallPair03,13,0.0,0.683,0.0226,0.1221,0.1221,True,0,0.1221,97.62,NORMAL
WallPair03,14,0.0,0.304,0.0938,0.1322,0.1322,True,0,0.1322,98.49,NORMAL
WallPair03,15,0.0,0.9219,0.0548,0.0195,0.0195,True,0,0.0195,99.83,NORMAL
WallPair03,16,0.0,1.361,-0.0603,-0.0585,-0.0585,True,0,0.0585,99.18,NORMAL
WallPair03,17,0.0,1.6408,-0.1145,-0.0224,-0.0224,True,0,0.0224,99.39,NORMAL
WallPair03,18,0.0,0.6402,-0.0422,0.0322,0.0322,True,0,0.0322,98.44,NORMAL
WallPair03,19,0.0,0.1319,-0.0384,-0.0478,-0.0478,True,0,0.0478,99.12,NORMAL
WallPair03,20,0.0,1.3586,-0.0642,-0.1077,-0.1077,True,0,0.1077,99.0,NORMAL
WallPair03,21,0.0,3.0178,-0.0567,0.0573,0.0573,True,0,0.0573,97.82,NORMAL
WallPair03,22,0.0,1.3054,-0.0278,-0.1725,-0.1725,True,0,0.1725,98.33,NORMAL
WallPair03,23,0.0,1.2412,-0.1037,-0.0636,-0.0636,True,0,0.0636,99.57,NORMAL
WallPair03,24,0.0,0.4973,-0.1262,-0.1034,-0.1034,True,0,0.1034,99.31,NORMAL
WallPair03,25,0.0,0.6506,0.0856,-0.0469,-0.0469,True,0,0.0469,99.33,NORMAL
WallPair03,26,0.0,0.6176,-0.1265,-0.0882,-0.0882,True,0,0.0882,98.65,NORMAL
WallPair03,27,0.0,0.0762,-0.1419,-0.0506,-0.0506,True,0,0.0506,99.34,NORMAL
WallPair03,28,0.0,0.495,-0.0671,0.0795,0.0795,True,0,0.0795,98.91,NORMAL
WallPair03,29,0.0,1.8103,-0.0566,0.1395,0.1395,True,0,0.1395,98.94,NORMAL
WallPair03,30,0.0,1.7198,0.0288,-0.0651,-0.0651,True,0,0.0651,99.59,NORMAL
WallPair03,31,0.0,1.0211,-0.1252,-0.0344,-0.0344,True,0,0.0344,99.11,NORMAL
WallPair03,32,0.0,1.5136,0.102,0.1526,0.1526,True,0,0.1526,98.14,NORMAL
WallPair03,33,0.0,1.7715,0.0932,-0.0925,-0.0925,True,0,0.0925,98.96,NORMAL
WallPair03,34,0.0,1.5816,-0.0479,-0.0096,-0.0096,True,0,0.0096,98.36,NORMAL
WallPair03,35,0.0,1.7948,0.1344,0.1844,0.1844,True,0,0.1844,99.0,NORMAL
WallPair03,36,0.0,0.9221,0.1689,-0.0815,-0.0815,True,0,0.0815,97.91,NORMAL
WallPair03,37,0.0,1.4547,-0.0188,0.0256,0.0256,True,0,0.0256,98.48,NORMAL
WallPair03,38,0.0,1.2471,-0.0273,0.0289,0.0289,True,0,0.0289,98.44,NORMAL
WallPair03,39,0.0,2.0993,-0.007,0.0062,0.0062,True,0,0.0062,98.28,NORMAL
WallPair03,40,0.0,0.5771,0.0624,0.1952,0.1952,False,0,0.1952,98.87,NORMAL
WallPair03,41,0.0,1.5697,0.1641,0.3911,0.3911,False,0,0.3911,98.39,NORMAL
WallPair03,42,0.0,0.1051,0.5412,0.4625,0.4625,False,0,0.4625,97.18,NORMAL
WallPair03,43,0.0,1.3179,0.4634,0.728,0.728,False,1,0.728,95.81,NORMAL
WallPair03,44,0.0,0.8009,0.6953,0.8983,0.8983,False,2,0.8983,95.91,NORMAL
WallPair03,45,0.0,2.4562,0.9137,1.5736,1.5736,False,3,1.5736,93.13,WATCH
WallPair03,46,0.0,1.399,1.4736,1.8183,1.8183,False,4,1.8183,91.87,WATCH
WallPair03,47,0.0,1.8609,1.7683,2.2208,2.2208,False,5,2.2208,89.92,WATCH
WallPair03,48,0.0,1.7373,2.2998,2.7303,2.7303,False,6,2.7303,88.91,WATCH
WallPair03,49,0.0,1.9298,2.7794,3.3148,3.3148,False,7,3.3148,86.02,WARNING
WallPair03,50,0.0,0.3884,3.3198,3.4694,3.4694,False,8,3.4694,85.02,WARNING
WallPair03,51,0.0,0.4385,3.4471,3.6402,3.6402,False,9,3.6402,84.59,WARNING
WallPair03,52,0.0,2.7561,3.5208,4.3613,4.3613,False,10,4.3613,81.52,WARNING
WallPair03,53,0.0,1.5183,4.3146,4.9052,4.9052,False,11,4.9052,78.73,WARNING
WallPair03,54,0.0,2.1142,4.9585,5.4337,5.4337,False,12,5.4337,76.71,WARNING
WallPair03,55,0.0,0.238,5.5083,5.5922,5.5922,False,13,5.5922,76.31,WARNING
WallPair03,56,0.0,0.3028,5.5748,5.8013,5.8013,False,14,5.8013,75.17,WARNING
WallPair03,57,0.0,0.4486,5.6953,5.8657,5.8657,False,15,5.8657,76.1,WARNING
WallPair03,58,0.0,0.9987,5.8247,6.3106,6.3106,False,16,6.3106,72.93,WARNING
WallPair03,59,0.0,1.4861,6.2207,6.8257,6.8257,False,17,6.8257,72.46,WARNING
WallPair03,60,0.0,1.9691,6.7769,7.5655,7.5655,False,18,7.5655,69.03,WARNING
WallPair03,61,0.0,1.9397,7.4761,8.3409,8.3409,False,19,8.3409,66.41,CRITICAL
WallPair03,62,0.0,1.312,8.3572,8.9083,8.9083,False,20,8.9083,63.21,CRITICAL
WallPair03,63,0.0,0.8685,8.8687,9.1694,9.1694,False,21,9.1694,62.45,CRITICAL
WallPair03,64,0.0,1.5284,9.2131,9.9098,9.9098,False,22,9.9098,59.74,CRITICAL
WallPair03,65,0.0,0.7139,9.9254,10.2034,10.2034,False,23,10.2034,57.68,CRITICAL
WallPair03,66,0.0,1.0652,10.1894,10.6331,10.6331,False,24,10.6331,56.49,CRITICAL
WallPair03,67,0.0,2.1755,10.5773,11.7115,11.7115,False,25,11.7115,53.01,CRITICAL
WallPair03,68,0.0,0.5852,11.5676,11.9619,11.9619,False,26,11.9619,51.41,CRITICAL
WallPair03,69,0.0,1.6133,11.8935,12.6665,12.6665,False,27,12.6665,47.6,CRITICAL
WallPair03,70,0.0,1.6899,12.6436,13.4416,13.4416,False,28,13.4416,45.79,CRITICAL
WallPair03,71,0.0,2.2454,13.4788,14.5884,14.5884,False,29,14.5884,40.09,CRITICAL
WallPair03,72,0.0,1.2545,14.615,15.2786,15.2786,False,30,15.2786,37.66,CRITICAL
WallPair03,73,0.0,0.6409,15.2447,15.6331,15.6331,False,31,15.6331,36.05,CRITICAL
WallPair03,74,0.0,0.804,15.5447,15.9375,15.9375,False,32,15.9375,34.44,CRITICAL
WallPair03,75,0.0,1.2239,15.9277,16.6457,16.6457,False,33,16.6457,33.29,CRITICAL
WallPair03,76,0.0,1.2921,16.6075,17.4068,17.4068,False,34,17.4068,28.82,CRITICAL
WallPair03,77,0.0,0.8748,17.2515,17.8807,17.8807,False,35,17.8807,26.97,CRITICAL
WallPair03,78,0.0,1.1242,17.9088,18.5275,18.5275,False,36,18.5275,25.13,CRITICAL
WallPair03,79,0.0,1.6496,18.4047,19.4404,19.4404,False,37,19.4404,21.35,CRITICAL
WallPair03,80,0.0,0.6925,19.4088,19.8578,19.8578,False,38,19.8578,19.3,CRITICAL
WallPair03,81,0.0,2.1402,19.7539,21.0772,21.0772,False,39,21.0772,14.63,CRITICAL
WallPair03,82,0.0,1.1249,21.1344,21.7431,21.7431,False,40,21.7431,12.14,CRITICAL
WallPair03,83,0.0,1.3474,21.7644,22.6482,22.6482,False,41,22.6482,9.14,CRITICAL
WallPair03,84,0.0,0.3744,22.5977,22.8054,22.8054,False,42,22.8054,6.94,CRITICAL
WallPair03,85,0.0,0.9155,22.8885,23.4232,23.4232,False,43,23.4232,4.59,CRITICAL
WallPair03,86,0.0,0.5005,23.4873,23.7569,23.7569,False,44,23.7569,4.02,CRITICAL
WallPair03,87,0.0,1.8287,23.7904,24.9429,24.9429,False,45,24.9429,0.0,CRITICAL
WallPair03,88,0.0,1.6058,24.9991,26.0043,26.0043,False,46,26.0043,0.0,CRITICAL
WallPair03,89,0.0,1.056,26.1094,26.7637,26.7637,False,47,26.7637,0.0,CRITICAL
WallPair03,90,0.0,0.1822,26.6594,26.8515,26.8515,False,48,26.8515,0.0,CRITICAL
WallPair04,1,0.0,1.3714,0.0497,-0.0034,-0.0034,True,0,0.0034,99.79,NORMAL
WallPair04,2,0.0,2.1383,0.0933,0.1736,0.1736,True,0,0.1736,97.65,NORMAL
WallPair04,3,0.0,0.9266,0.0671,0.0077,0.0077,True,0,0.0077,99.16,NORMAL
WallPair04,4,0.0,0.9662,-0.0785,0.0383,0.0383,True,0,0.0383,98.05,NORMAL
WallPair04,5,0.0,1.2485,-0.0498,0.0285,0.0285,True,0,0.0285,98.37,NORMAL
WallPair04,6,0.0,2.7779,-0.0391,-0.0558,-0.0558,True,0,0.0558,98.03,NORMAL
WallPair04,7,0.0,0.9174,0.0038,-0.0606,-0.0606,True,0,0.0606,98.32,NORMAL
WallPair04,8,0.0,0.8035,-0.1534,-0.1222,-0.1222,True,0,0.1222,98.54,NORMAL
WallPair04,9,0.0,2.1417,-0.0615,-0.0137,-0.0137,True,0,0.0137,99.85,NORMAL
WallPair04,10,0.0,1.7827,-0.0553,-0.2095,-0.2095,True,0,0.2095,98.83,NORMAL
WallPair04,11,0.0,1.2118,-0.1686,-0.0183,-0.0183,True,0,0.0183,99.79,NORMAL
WallPair04,12,0.0,0.6678,0.0139,0.0062,0.0062,True,0,0.0062,99.3,NORMAL
WallPair04,13,0.0,0.7043,0.1004,0.0196,0.0196,True,0,0.0196,98.33,NORMAL
WallPair04,14,0.0,2.0113,0.018,-0.0761,-0.0761,True,0,0.0761,98.26,NORMAL
WallPair04,15,0.0,2.2962,0.0668,-0.1338,-0.1338,True,0,0.1338,98.27,NORMAL
WallPair04,16,0.0,1.3536,-0.2228,0.0285,0.0285,True,0,0.0285,98.11,NORMAL
WallPair04,17,0.0,2.5619,0.0862,-0.0744,-0.0744,True,0,0.0744,99.55,NORMAL
WallPair04,18,0.0,0.5879,-0.146,-0.0697,-0.0697,True,0,0.0697,99.37,NORMAL
WallPair04,19,0.0,2.2092,0.0271,0.2043,0.2043,True,0,0.2043,97.19,NORMAL
WallPair04,20,0.0,1.8879,0.2187,-0.244,-0.244,True,0,0.244,98.94,NORMAL
WallPair04,21,0.0,0.5514,-0.0444,-0.148,-0.148,True,0,0.148,98.77,NORMAL
WallPair04,22,0.0,0.3849,-0.2038,-0.0397,-0.0397,True,0,0.0397,99.73,NORMAL
WallPair04,23,0.0,2.2973,0.0434,0.0084,0.0084,True,0,0.0084,98.06,NORMAL
WallPair04,24,0.0,1.5532,0.1034,0.0565,0.0565,True,0,0.0565,99.0,NORMAL
WallPair04,25,0.0,3.0222,-0.0541,0.1135,0.1135,True,0,0.1135,99.36,NORMAL
WallPair04,26,0.0,1.8269,0.0814,0.6631,0.6631,False,1,0.6631,96.98,NORMAL
WallPair04,27,0.0,0.5133,0.5635,0.7142,0.7142,False,2,0.7142,96.56,NORMAL
WallPair04,28,0.0,1.2698,0.7698,1.1806,1.1806,False,3,1.1806,94.93,WATCH
WallPair04,29,0.0,1.5028,1.2415,1.7332,1.7332,False,4,1.7332,92.72,WATCH
WallPair04,30,0.0,1.2706,1.7775,2.1969,2.1969,False,5,2.1969,89.99,WATCH
WallPair04,31,0.0,0.7461,2.2323,2.5373,2.5373,False,6,2.5373,88.72,WATCH
WallPair04,32,0.0,1.1842,2.5442,2.9196,2.9196,False,7,2.9196,87.39,WATCH
WallPair04,33,0.0,1.5337,2.9453,3.6876,3.6876,False,8,3.6876,83.66,WARNING
WallPair04,34,0.0,1.7314,3.5852,4.4354,4.4354,False,9,4.4354,80.74,WARNING
WallPair04,35,0.0,0.8713,4.383,4.8548,4.8548,False,10,4.8548,79.6,WARNING
WallPair04,36,0.0,2.2472,4.792,5.9205,5.9205,False,11,5.9205,75.66,WARNING
WallPair04,37,0.0,0.0453,5.899,5.9384,5.9384,False,12,5.9384,75.72,WARNING
WallPair04,38,0.0,1.6757,5.8275,6.9122,6.9122,False,13,6.9122,71.45,WARNING
WallPair04,39,0.0,1.1636,6.8458,7.4977,7.4977,False,14,7.4977,68.73,WARNING
WallPair04,40,0.0,2.1325,7.4996,8.6627,8.6627,False,15,8.6627,63.45,CRITICAL
WallPair04,41,0.0,2.861,8.7801,10.6149,10.6149,False,16,10.6149,56.41,CRITICAL
WallPair04,42,0.0,0.7099,10.5138,11.0422,11.0422,False,17,11.0422,54.24,CRITICAL
WallPair04,43,0.0,1.9607,11.0352,12.2851,12.2851,False,18,12.2851,50.38,CRITICAL
WallPair04,44,0.0,1.6013,12.2299,13.3071,13.3071,False,19,13.3071,46.24,CRITICAL
WallPair04,45,0.0,0.6266,13.3311,13.7378,13.7378,False,20,13.7378,43.25,CRITICAL
WallPair04,46,0.0,0.2325,13.853,14.0075,14.0075,False,21,14.0075,42.56,CRITICAL
WallPair04,47,0.0,1.0904,13.8448,14.6367,14.6367,False,22,14.6367,40.99,CRITICAL
WallPair04,48,0.0,0.5167,14.5912,15.1042,15.1042,False,23,15.1042,37.67,CRITICAL
WallPair04,49,0.0,0.8607,15.0787,15.8055,15.8055,False,24,15.8055,35.84,CRITICAL
WallPair04,50,0.0,1.3388,15.8422,16.7666,16.7666,False,25,16.7666,32.11,CRITICAL
WallPair04,51,0.0,0.2053,16.876,17.0157,17.0157,False,26,17.0157,30.47,CRITICAL
WallPair04,52,0.0,0.3653,17.032,17.3898,17.3898,False,27,17.3898,30.28,CRITICAL
WallPair04,53,0.0,0.3968,17.35,17.6527,17.6527,False,28,17.6527,27.82,CRITICAL
WallPair04,54,0.0,0.7883,17.5907,18.2676,18.2676,False,29,18.2676,25.52,CRITICAL
WallPair04,55,0.0,3.4262,18.4488,21.4637,21.4637,False,30,21.4637,12.9,CRITICAL
WallPair04,56,0.0,1.6378,21.4948,22.972,22.972,False,31,22.972,7.38,CRITICAL
WallPair04,57,0.0,1.766,23.0771,24.7563,24.7563,False,32,24.7563,0.03,CRITICAL
WallPair04,58,0.0,1.2305,24.6727,25.7735,25.7735,False,33,25.7735,0.0,CRITICAL
WallPair04,59,0.0,2.2081,25.9159,28.0183,28.0183,False,34,28.0183,0.0,CRITICAL
WallPair04,60,0.0,1.5656,27.9816,29.6275,29.6275,False,35,29.6275,0.0,CRITICAL
WallPair04,61,0.0,0.5537,29.6102,30.2161,30.2161,False,36,30.2161,0.0,CRITICAL
WallPair04,62,0.0,0.0605,30.2192,30.2725,30.2725,False,37,30.2725,0.0,CRITICAL
WallPair04,63,0.0,2.0518,30.3791,32.6257,32.6257,False,38,32.6257,0.0,CRITICAL
WallPair04,64,0.0,1.8109,32.5635,34.5916,34.5916,False,39,34.5916,0.0,CRITICAL
WallPair04,65,0.0,2.2162,34.5835,37.029,37.029,False,40,37.029,0.0,CRITICAL
WallPair04,66,0.0,2.401,37.0284,39.7737,39.7737,False,41,39.7737,0.0,CRITICAL
WallPair04,67,0.0,3.7437,39.7799,44.199,44.199,False,42,44.199,0.0,CRITICAL
WallPair04,68,0.0,1.3651,44.1297,45.8389,45.8389,False,43,45.8389,0.0,CRITICAL
WallPair04,69,0.0,2.5843,45.8533,48.9459,48.9459,False,44,48.9459,0.0,CRITICAL
WallPair04,70,0.0,2.1976,48.9561,51.6945,51.6945,False,45,51.6945,0.0,CRITICAL
WallPair04,71,0.0,2.7694,51.6872,55.1499,55.1499,False,46,55.1499,0.0,CRITICAL
WallPair04,72,0.0,0.6182,55.1855,55.9664,55.9664,False,47,55.9664,0.0,CRITICAL
WallPair04,73,0.0,0.1572,56.0295,56.1336,56.1336,False,48,56.1336,0.0,CRITICAL
WallPair04,74,0.0,1.9058,56.1309,58.6758,58.6758,False,49,58.6758,0.0,CRITICAL
WallPair04,75,0.0,1.9546,58.6717,61.2895,61.2895,False,50,61.2895,0.0,CRITICAL
WallPair04,76,0.0,0.4583,61.3522,61.9435,61.9435,False,51,61.9435,0.0,CRITICAL
WallPair04,77,0.0,2.5994,61.9697,65.5579,65.5579,False,52,65.5579,0.0,CRITICAL
WallPair04,78,0.0,1.3758,65.5471,67.3802,67.3802,False,53,67.3802,0.0,CRITICAL
WallPair04,79,0.0,0.9098,67.3478,68.7688,68.7688,False,54,68.7688,0.0,CRITICAL
WallPair04,80,0.0,0.5639,68.8436,69.5644,69.5644,False,55,69.5644,0.0,CRITICAL
WallPair04,81,0.0,2.3134,69.6206,72.9653,72.9653,False,56,72.9653,0.0,CRITICAL
WallPair04,82,0.0,0.6336,73.1499,73.9686,73.9686,False,57,73.9686,0.0,CRITICAL
WallPair04,83,0.0,1.9837,73.898,76.9686,76.9686,False,58,76.9686,0.0,CRITICAL
WallPair04,84,0.0,0.3944,76.9577,77.6616,77.6616,False,59,77.6616,0.0,CRITICAL
WallPair04,85,0.0,0.4024,77.6697,78.1737,78.1737,False,60,78.1737,0.0,CRITICAL
WallPair04,86,0.0,1.7735,78.1914,81.0935,81.0935,False,61,81.0935,0.0,CRITICAL
WallPair04,87,0.0,1.6556,81.0602,83.6964,83.6964,False,62,83.6964,0.0,CRITICAL
WallPair04,88,0.0,1.2579,83.6426,85.772,85.772,False,63,85.772,0.0,CRITICAL
WallPair04,89,0.0,1.0075,85.7236,87.4091,87.4091,False,64,87.4091,0.0,CRITICAL
WallPair04,90,0.0,1.1501,87.4457,89.3453,89.3453,False,65,89.3453,0.0,CRITICAL
