node_id,day,tilt_deg,displacement_mm,strain_microstrain,vibration_mms,risk_score_reference,status_reference
Node01,1,0.217,1.713,27.74,1.066,18.2,NORMAL
Node01,2,0.439,1.669,25.47,1.122,18.6,NORMAL
Node01,3,0.211,1.592,30.17,0.969,18.2,NORMAL
Node01,4,0.316,1.492,28.09,1.071,18.2,NORMAL
Node01,5,0.237,1.527,25.81,1.109,17.3,NORMAL
Node01,6,0.318,1.678,28.48,1.078,18.8,NORMAL
Node01,7,0.42,1.431,27.34,1.056,18.2,NORMAL
Node01,8,0.362,1.538,28.32,0.9,18.0,NORMAL
Node01,9,0.198,1.042,27.71,0.894,15.6,NORMAL
Node01,10,0.507,1.28,23.94,0.898,16.6,NORMAL
Node01,11,0.556,1.537,29.45,0.933,19.5,NORMAL
Node01,12,0.193,1.788,33.67,1.115,20.3,NORMAL
Node01,13,0.249,1.789,33.9,0.824,19.7,NORMAL
Node01,14,0.094,1.64,29.35,1.062,17.8,NORMAL
Node01,15,0.0,1.674,28.11,1.088,17.2,NORMAL
Node01,16,0.107,1.902,33.06,0.815,19.0,NORMAL
Node01,17,0.429,1.347,28.0,0.694,17.0,NORMAL
Node01,18,0.364,1.393,30.09,1.015,18.6,NORMAL
Node01,19,0.433,1.398,28.22,1.043,18.4,NORMAL
Node01,20,0.357,1.221,24.77,1.005,16.3,NORMAL
Node01,21,0.345,1.488,32.93,1.013,19.6,NORMAL
Node01,22,0.402,1.618,30.4,0.8,18.8,NORMAL
Node01,23,0.444,1.321,29.24,1.014,18.5,NORMAL
Node01,24,0.305,1.316,28.86,0.945,17.4,NORMAL
Node01,25,0.195,1.471,30.75,1.031,18.2,NORMAL
Node01,26,0.386,1.534,30.91,1.111,19.7,NORMAL
Node01,27,0.125,1.128,30.29,0.949,16.5,NORMAL
Node01,28,0.404,1.405,23.69,0.834,16.2,NORMAL
Node01,29,0.381,1.306,28.01,0.885,17.3,NORMAL
Node01,30,0.168,1.626,28.26,1.001,17.6,NORMAL
Node01,31,0.276,1.74,26.07,1.098,18.1,NORMAL
Node01,32,0.261,1.479,29.42,0.842,17.5,NORMAL
Node01,33,0.284,1.604,30.82,1.004,19.0,NORMAL
Node01,34,0.409,1.431,26.75,1.121,18.2,NORMAL
Node01,35,0.16,1.385,31.2,0.94,17.6,NORMAL
Node01,36,0.102,1.253,33.36,1.193,18.5,NORMAL
Node01,37,0.123,1.402,25.97,0.915,15.8,NORMAL
Node01,38,0.534,1.604,30.03,1.039,20.1,NORMAL
Node01,39,0.174,1.635,28.95,1.042,18.0,NORMAL
Node01,40,0.388,1.479,30.48,0.992,19.0,NORMAL
Node01,41,0.336,1.539,27.13,1.076,18.1,NORMAL
Node01,42,0.343,1.537,31.4,1.148,19.7,NORMAL
Node01,43,0.268,1.535,29.4,0.926,18.0,NORMAL
Node01,44,0.047,1.544,30.46,1.099,17.8,NORMAL
Node01,45,0.109,1.861,27.31,1.044,17.8,NORMAL
Node01,46,0.362,1.291,31.39,1.148,19.1,NORMAL
Node01,47,0.029,1.33,30.5,0.962,16.7,NORMAL
Node01,48,0.034,1.262,23.79,1.145,15.0,NORMAL
Node01,49,0.0,1.221,33.2,1.276,18.1,NORMAL
Node01,50,0.476,1.5,29.31,0.945,18.9,NORMAL
Node01,51,0.131,1.063,30.67,1.025,16.7,NORMAL
Node01,52,0.0,1.332,31.42,1.087,17.2,NORMAL
Node01,53,0.388,1.435,30.96,1.009,19.1,NORMAL
Node01,54,0.418,1.673,30.35,1.169,20.2,NORMAL
Node01,55,0.348,1.119,29.98,0.954,17.5,NORMAL
Node01,56,0.344,1.332,33.17,1.091,19.5,NORMAL
Node01,57,0.309,1.381,31.78,0.912,18.5,NORMAL
Node01,58,0.353,1.482,34.27,0.928,19.8,NORMAL
Node01,59,0.212,1.052,29.71,1.02,16.8,NORMAL
Node01,60,0.549,1.521,29.17,1.145,20.0,NORMAL
Node01,61,0.407,1.579,29.97,1.076,19.5,NORMAL
Node01,62,0.204,1.679,29.81,0.966,18.3,NORMAL
Node01,63,0.302,1.38,30.11,0.914,17.9,NORMAL
Node01,64,0.393,1.232,32.95,1.002,19.1,NORMAL
Node01,65,0.366,1.141,31.22,0.933,18.0,NORMAL
Node01,66,0.423,1.397,33.0,0.967,19.6,NORMAL
Node01,67,0.306,1.525,26.47,1.011,17.5,NORMAL
Node01,68,0.278,1.55,37.21,0.998,20.8,NORMAL
Node01,69,0.513,1.498,29.46,1.064,19.6,NORMAL
Node01,70,0.178,1.371,31.68,0.916,17.8,NORMAL
Node01,71,0.379,1.366,29.95,1.086,18.8,NORMAL
Node01,72,0.167,1.659,31.29,1.018,18.7,NORMAL
Node01,73,0.116,1.6,28.38,1.015,17.4,NORMAL
Node01,74,0.421,1.669,28.07,1.066,19.2,NORMAL
Node01,75,0.018,1.579,29.75,0.914,16.9,NORMAL
Node01,76,0.386,1.345,39.06,1.212,22.0,NORMAL
Node01,77,0.256,1.258,28.53,1.059,17.3,NORMAL
Node01,78,0.297,1.736,37.55,1.072,21.7,NORMAL
Node01,79,0.329,1.329,30.17,1.045,18.3,NORMAL
Node01,80,0.232,1.572,35.24,1.043,20.1,NORMAL
Node01,81,0.273,1.755,31.48,0.974,19.4,NORMAL
Node01,82,0.373,1.383,28.28,1.047,18.1,NORMAL
Node01,83,0.183,1.666,30.42,1.03,18.6,NORMAL
Node01,84,0.346,1.443,30.51,1.056,18.9,NORMAL
Node01,85,0.164,1.382,31.1,1.001,17.8,NORMAL
Node01,86,0.351,1.254,30.3,0.928,17.9,NORMAL
Node01,87,0.313,1.481,30.4,1.072,18.9,NORMAL
Node01,88,0.171,1.027,33.3,0.96,17.4,NORMAL
Node01,89,0.254,1.531,29.64,1.002,18.2,NORMAL
Node01,90,0.265,1.708,32.21,1.252,20.4,NORMAL
Node01,91,0.582,1.519,30.86,1.198,20.9,NORMAL
Node01,92,0.341,1.35,30.84,1.032,18.6,NORMAL
Node01,93,0.428,1.624,37.79,1.198,22.6,NORMAL
Node01,94,0.26,1.642,26.69,1.023,17.7,NORMAL
Node01,95,0.448,1.61,33.69,0.98,20.6,NORMAL
Node01,96,0.363,1.706,29.67,1.002,19.3,NORMAL
Node01,97,0.366,1.274,28.28,0.935,17.4,NORMAL
Node01,98,0.081,1.542,28.46,1.022,17.1,NORMAL
Node01,99,0.416,1.483,27.11,0.958,18.0,NORMAL
Node01,100,0.084,1.326,27.2,1.249,16.9,NORMAL
Node01,101,0.357,1.406,29.11,1.13,18.6,NORMAL
Node01,102,0.225,1.25,30.23,1.166,18.0,NORMAL
Node01,103,0.403,1.786,30.93,0.917,19.8,NORMAL
Node01,104,0.083,1.644,31.47,0.983,18.2,NORMAL
Node01,105,0.468,1.864,69.07,0.909,32.4,WATCH
Node01,106,0.061,1.416,30.53,0.997,17.2,NORMAL
Node01,107,0.398,1.519,32.75,1.141,20.4,NORMAL
Node01,108,0.407,1.745,27.18,0.888,18.4,NORMAL
Node01,109,0.265,1.744,29.84,1.073,19.2,NORMAL
Node01,110,0.122,1.625,33.23,0.992,18.9,NORMAL
Node01,111,0.426,1.433,26.8,1.109,18.3,NORMAL
Node01,112,0.465,1.522,30.47,0.853,19.0,NORMAL
Node01,113,0.283,1.508,36.46,1.013,20.5,NORMAL
Node01,114,0.293,1.315,28.79,1.106,17.9,NORMAL
Node01,115,0.218,1.341,30.25,1.176,18.3,NORMAL
Node01,116,0.003,1.546,31.89,0.823,17.1,NORMAL
Node01,117,0.18,1.588,35.56,0.925,19.6,NORMAL
Node01,118,0.476,1.062,31.45,0.91,18.3,NORMAL
Node01,119,0.136,1.459,31.83,1.026,18.2,NORMAL
Node01,120,0.072,1.515,33.07,0.86,17.9,NORMAL
Node01,121,0.266,1.706,34.04,1.019,20.2,NORMAL
Node01,122,0.0,1.382,28.75,1.115,16.6,NORMAL
Node01,123,0.221,1.335,28.82,1.056,17.4,NORMAL
Node01,124,0.058,1.411,27.72,1.039,16.4,NORMAL
Node01,125,0.124,1.186,34.24,1.092,18.4,NORMAL
Node01,126,0.311,1.382,31.79,1.087,19.1,NORMAL
Node01,127,0.474,1.42,27.08,1.046,18.4,NORMAL
Node01,128,0.388,1.137,33.85,1.05,19.3,NORMAL
Node01,129,0.149,1.614,33.76,0.968,19.1,NORMAL
Node01,130,0.061,1.422,30.13,1.102,17.4,NORMAL
Node01,131,0.302,1.064,27.64,0.921,16.3,NORMAL
Node01,132,0.447,1.595,27.41,0.989,18.6,NORMAL
Node01,133,0.0,1.345,26.41,0.981,15.3,NORMAL
Node01,134,0.181,1.6,28.08,1.111,17.9,NORMAL
Node01,135,0.328,1.216,29.76,1.055,17.9,NORMAL
Node01,136,0.032,1.53,29.58,1.21,17.8,NORMAL
Node01,137,0.508,1.225,26.57,1.04,17.8,NORMAL
Node01,138,0.361,1.449,30.23,1.181,19.3,NORMAL
Node01,139,0.149,1.554,32.3,1.002,18.6,NORMAL
Node01,140,0.349,1.648,28.11,0.997,18.5,NORMAL
Node01,141,0.433,1.288,33.29,0.985,19.5,NORMAL
Node01,142,0.366,1.364,31.01,1.101,19.1,NORMAL
Node01,143,0.188,1.331,29.75,1.214,18.1,NORMAL
Node01,144,0.162,1.668,31.76,0.991,18.8,NORMAL
Node01,145,0.323,1.775,27.59,0.878,18.2,NORMAL
Node01,146,0.301,1.394,34.05,1.163,20.0,NORMAL
Node01,147,0.0,1.577,28.31,1.117,17.0,NORMAL
Node01,148,0.138,1.418,31.25,1.024,17.9,NORMAL
Node01,149,0.402,1.329,26.98,1.027,17.6,NORMAL
Node01,150,0.326,1.52,29.88,0.839,18.1,NORMAL
Node01,151,0.249,1.455,33.25,1.231,19.9,NORMAL
Node01,152,0.36,1.175,31.7,0.973,18.3,NORMAL
Node01,153,0.352,1.34,32.78,1.093,19.5,NORMAL
Node01,154,0.216,1.79,24.36,0.922,16.8,NORMAL
Node01,155,0.073,1.513,29.41,0.81,16.6,NORMAL
Node01,156,0.238,1.577,31.74,0.802,18.3,NORMAL
Node01,157,0.069,1.767,28.79,0.976,17.6,NORMAL
Node01,158,0.43,1.634,25.47,1.027,18.2,NORMAL
Node01,159,0.209,1.574,27.71,1.074,17.7,NORMAL
Node01,160,0.0,1.481,33.85,1.117,18.5,NORMAL
Node01,161,0.54,1.581,28.75,0.933,19.3,NORMAL
Node01,162,0.215,1.795,29.2,1.077,18.9,NORMAL
Node01,163,0.37,1.403,32.41,0.774,18.6,NORMAL
Node01,164,0.412,1.549,29.95,0.992,19.1,NORMAL
Node01,165,0.0,1.689,29.14,1.095,17.5,NORMAL
Node01,166,0.287,1.462,35.45,0.979,20.0,NORMAL
Node01,167,0.241,1.405,28.39,1.005,17.4,NORMAL
Node01,168,0.221,1.277,29.69,0.973,17.3,NORMAL
Node01,169,0.129,1.42,31.7,1.091,18.2,NORMAL
Node01,170,0.452,1.623,29.58,1.091,19.7,NORMAL
Node01,171,0.016,1.688,29.31,1.166,17.9,NORMAL
Node01,172,0.167,1.391,31.11,0.934,17.6,NORMAL
Node01,173,0.04,1.237,29.9,1.225,17.2,NORMAL
Node01,174,0.33,1.465,27.34,0.855,17.2,NORMAL
Node01,175,0.152,1.675,28.8,1.122,18.2,NORMAL
Node01,176,0.349,1.2,31.47,1.129,18.8,NORMAL
Node01,177,0.039,1.068,28.26,0.984,15.4,NORMAL
Node01,178,0.251,1.455,29.29,0.931,17.7,NORMAL
Node01,179,0.0,1.835,26.82,1.101,17.2,NORMAL
Node01,180,0.272,1.167,29.07,0.95,17.0,NORMAL
Node01,181,0.391,1.436,29.0,1.149,18.9,NORMAL
Node01,182,0.074,1.644,27.65,1.011,17.0,NORMAL
Node01,183,0.218,1.584,28.44,1.181,18.4,NORMAL
Node01,184,0.277,1.404,30.72,1.142,18.8,NORMAL
Node01,185,0.418,1.715,26.54,1.171,19.1,NORMAL
Node01,186,0.256,1.593,26.83,0.834,17.0,NORMAL
Node01,187,0.401,1.603,27.8,1.021,18.6,NORMAL
Node01,188,0.527,1.79,25.57,1.122,19.4,NORMAL
Node01,189,0.337,1.6,28.85,1.086,18.9,NORMAL
Node01,190,0.346,1.869,26.81,1.08,19.0,NORMAL
Node01,191,0.419,1.599,26.6,1.061,18.5,NORMAL
Node01,192,0.322,1.43,26.31,1.072,17.5,NORMAL
Node01,193,0.459,1.455,27.81,1.15,19.0,NORMAL
Node01,194,0.228,1.416,28.0,0.985,17.2,NORMAL
Node01,195,0.18,1.843,28.68,0.887,18.0,NORMAL
Node01,196,0.099,1.486,28.09,1.109,17.2,NORMAL
Node01,197,0.018,1.752,25.75,1.042,16.6,NORMAL
Node01,198,0.394,1.174,29.03,1.294,18.7,NORMAL
Node01,199,0.231,1.394,26.19,1.081,16.9,NORMAL
Node01,200,0.143,1.294,27.84,1.215,17.1,NORMAL
Node01,201,0.3,1.347,24.03,1.075,16.4,NORMAL
Node01,202,0.381,1.287,25.14,1.057,16.9,NORMAL
Node01,203,0.41,1.495,25.65,0.859,17.2,NORMAL
Node01,204,0.533,1.652,24.82,1.155,18.9,NORMAL
Node01,205,0.385,1.404,26.67,1.118,18.0,NORMAL
Node01,206,0.515,1.596,28.95,1.219,20.2,NORMAL
Node01,207,0.077,1.528,27.26,1.156,17.1,NORMAL
Node01,208,0.078,1.548,23.67,1.095,15.8,NORMAL
Node01,209,0.206,1.394,29.41,0.994,17.5,NORMAL
Node01,210,0.25,1.435,26.62,0.979,16.9,NORMAL
Node01,211,0.122,1.364,48.83,0.993,23.1,NORMAL
Node01,212,0.287,1.682,25.4,0.955,17.3,NORMAL
Node01,213,0.0,1.561,29.78,1.0,17.1,NORMAL
Node01,214,0.1,1.461,28.01,1.027,16.8,NORMAL
Node01,215,0.323,1.579,28.8,1.04,18.6,NORMAL
Node01,216,0.159,1.53,26.11,1.254,17.5,NORMAL
Node01,217,0.313,1.352,25.93,0.852,16.3,NORMAL
Node01,218,0.343,1.531,31.02,0.959,19.0,NORMAL
Node01,219,0.193,1.51,24.48,1.015,16.3,NORMAL
Node01,220,0.146,1.703,26.98,1.312,18.4,NORMAL
Node01,221,0.27,1.388,27.84,1.03,17.4,NORMAL
Node01,222,0.199,1.268,21.33,0.888,14.2,NORMAL
Node01,223,0.265,1.403,30.3,1.178,18.7,NORMAL
Node01,224,0.211,1.398,25.4,1.002,16.3,NORMAL
Node01,225,0.088,1.638,30.61,1.06,18.2,NORMAL
Node01,226,0.262,1.445,21.81,1.072,15.8,NORMAL
Node01,227,0.351,1.541,26.98,0.95,17.7,NORMAL
Node01,228,0.564,1.851,57.78,0.909,29.2,WATCH
Node01,229,0.574,2.175,28.55,1.171,21.8,NORMAL
Node01,230,0.864,1.91,34.48,1.209,24.5,NORMAL
Node01,231,1.412,2.669,33.28,1.227,29.1,WATCH
Node01,232,1.531,3.534,33.34,1.708,33.7,WATCH
Node01,233,1.505,3.39,38.68,1.265,33.4,WATCH
Node01,234,2.327,2.934,46.6,1.587,39.8,WATCH
Node01,235,1.874,3.633,46.84,1.26,38.5,WATCH
Node01,236,2.622,5.108,53.94,1.843,50.5,WARNING
Node01,237,3.144,4.23,46.58,1.776,48.1,WATCH
Node01,238,2.427,5.329,48.37,2.717,51.3,WARNING
Node01,239,2.736,4.865,59.82,2.212,53.5,WARNING
Node01,240,3.4,6.515,54.08,2.676,61.1,WARNING
Node01,241,4.347,7.961,73.89,2.131,74.3,WARNING
Node01,242,4.234,7.612,73.05,1.83,71.5,WARNING
Node01,243,5.456,6.493,76.49,1.83,75.6,CRITICAL
Node01,244,4.034,6.318,68.67,1.588,64.7,WARNING
Node01,245,5.022,6.893,72.61,3.114,77.6,CRITICAL
Node01,246,5.751,7.75,59.99,2.419,77.3,CRITICAL
Node01,247,5.706,9.149,73.55,3.276,87.7,CRITICAL
Node01,248,3.818,7.08,64.19,2.368,66.9,WARNING
Node01,249,4.179,10.353,66.91,2.431,75.1,CRITICAL
Node01,250,5.532,7.102,80.84,2.186,80.2,CRITICAL
Node01,251,4.39,6.457,80.22,2.508,73.6,WARNING
Node01,252,3.991,6.566,71.49,1.837,66.9,WARNING
Node01,253,4.869,7.478,68.95,2.651,75.7,CRITICAL
Node01,254,5.098,6.043,74.73,2.316,73.6,WARNING
Node01,255,5.185,11.62,61.41,1.763,76.2,CRITICAL
Node01,256,4.396,9.549,78.99,2.509,80.3,CRITICAL
Node01,257,3.421,7.679,67.21,2.024,66.4,WARNING
Node01,258,3.305,8.772,68.6,1.724,68.3,WARNING
Node01,259,5.59,8.263,71.35,2.63,82.2,CRITICAL
Node01,260,5.581,6.782,77.81,2.792,80.6,CRITICAL
Node01,261,5.033,7.673,74.13,2.365,77.8,CRITICAL
Node01,262,4.752,7.8,76.2,2.923,79.2,CRITICAL
Node01,263,5.5,7.661,79.05,1.629,79.2,CRITICAL
Node01,264,4.624,8.895,86.67,2.027,82.0,CRITICAL
Node01,265,3.339,8.553,64.49,1.71,66.5,WARNING
Node01,266,4.078,8.694,77.05,2.329,76.6,CRITICAL
Node01,267,5.187,7.049,76.42,2.485,77.9,CRITICAL
Node01,268,3.644,7.625,74.17,2.452,71.0,WARNING
Node01,269,3.347,6.22,64.72,3.375,65.7,WARNING
Node01,270,5.539,9.207,79.49,2.081,84.7,CRITICAL
Node01,271,4.189,8.052,77.26,2.478,76.0,CRITICAL
Node01,272,3.816,7.459,70.87,2.834,71.6,WARNING
Node01,273,3.403,6.866,74.74,2.459,67.9,WARNING
Node01,274,4.701,7.838,73.99,1.723,74.4,WARNING
Node01,275,5.691,8.852,72.27,2.844,85.3,CRITICAL
Node01,276,4.326,8.975,75.64,2.064,77.3,CRITICAL
Node01,277,4.951,8.019,74.02,1.914,76.8,CRITICAL
Node01,278,4.095,7.324,56.97,2.286,66.4,WARNING
Node01,279,5.03,7.885,72.66,1.662,75.5,CRITICAL
Node01,280,4.409,8.188,82.82,3.288,81.9,CRITICAL
Node01,281,3.376,7.847,82.04,1.979,71.2,WARNING
Node01,282,4.559,8.397,82.32,2.6,80.8,CRITICAL
Node01,283,3.687,6.357,68.96,2.862,67.4,WARNING
Node01,284,3.719,7.272,61.42,2.035,65.0,WARNING
Node01,285,3.38,6.871,56.18,1.694,59.4,WARNING
Node01,286,3.944,7.131,77.71,3.276,75.0,WARNING
Node01,287,3.924,9.285,67.11,1.833,71.9,WARNING
Node01,288,4.567,7.126,76.38,2.482,75.0,WARNING
Node01,289,4.42,8.198,83.36,2.886,80.8,CRITICAL
Node01,290,5.264,8.008,66.12,2.754,78.6,CRITICAL
Node01,291,4.749,7.942,74.6,2.78,78.6,CRITICAL
Node01,292,5.151,7.337,67.89,2.543,76.1,CRITICAL
Node01,293,5.37,7.807,83.73,1.641,80.4,CRITICAL
Node01,294,3.487,7.484,73.29,2.879,71.0,WARNING
Node01,295,4.376,8.172,62.67,1.587,69.7,WARNING
Node01,296,5.912,6.886,82.44,2.574,83.3,CRITICAL
Node01,297,3.281,6.675,70.78,1.595,62.6,WARNING
Node01,298,4.272,7.524,67.18,3.026,73.6,WARNING
Node01,299,3.89,8.558,65.5,2.657,72.8,WARNING
Node01,300,3.504,6.269,73.73,2.295,65.9,WARNING
Node01,301,3.481,8.384,73.86,2.13,71.1,WARNING
Node01,302,5.117,7.964,87.44,2.544,83.8,CRITICAL
Node01,303,5.471,8.148,61.05,2.611,78.0,CRITICAL
Node01,304,4.922,7.472,77.4,1.984,76.4,CRITICAL
Node01,305,3.604,5.791,65.2,1.545,59.8,WARNING
Node01,306,4.506,8.859,67.06,2.34,76.1,CRITICAL
Node01,307,4.704,8.697,74.74,2.267,78.8,CRITICAL
Node01,308,4.942,6.781,75.92,2.792,76.8,CRITICAL
Node01,309,3.332,8.883,85.52,2.382,76.3,CRITICAL
Node01,310,4.745,8.93,81.5,2.141,81.4,CRITICAL
Node01,311,4.484,9.048,84.87,2.426,82.3,CRITICAL
Node01,312,4.704,8.403,61.24,2.713,75.2,CRITICAL
Node01,313,3.906,8.847,83.06,2.515,78.7,CRITICAL
Node01,314,4.442,6.89,60.61,2.97,70.4,WARNING
Node01,315,4.159,6.162,65.78,2.192,66.0,WARNING
Node01,316,3.835,8.59,66.2,2.179,71.2,WARNING
Node01,317,3.31,7.579,68.87,2.376,67.3,WARNING
Node01,318,3.752,6.888,68.19,2.676,68.3,WARNING
Node01,319,4.199,7.089,85.33,3.152,78.1,CRITICAL
Node01,320,5.084,7.061,60.59,3.197,74.8,WARNING
Node01,321,3.639,6.895,80.36,3.625,74.8,WARNING
Node01,322,3.192,8.143,65.35,2.311,66.9,WARNING
Node01,323,4.552,7.061,67.39,2.285,71.3,WARNING
Node01,324,6.059,6.988,84.87,2.505,84.6,CRITICAL
Node01,325,5.854,7.359,76.13,2.627,82.5,CRITICAL
Node01,326,3.916,8.794,67.57,2.801,74.7,WARNING
Node01,327,5.462,7.258,59.61,1.971,72.9,WARNING
Node01,328,4.475,8.124,66.28,2.529,74.3,WARNING
Node01,329,3.434,8.113,76.54,2.407,71.9,WARNING
Node01,330,4.796,6.744,76.03,2.203,74.1,WARNING
Node01,331,4.459,7.784,67.06,1.77,71.0,WARNING
Node01,332,3.303,7.141,62.31,2.834,65.5,WARNING
Node01,333,5.877,8.748,77.37,1.933,84.6,CRITICAL
Node01,334,3.827,7.557,61.22,1.667,65.0,WARNING
Node01,335,3.766,9.098,81.48,2.209,76.9,CRITICAL
Node01,336,4.101,7.27,66.42,3.727,74.1,WARNING
Node01,337,3.803,7.866,76.08,1.796,70.9,WARNING
Node01,338,3.621,8.359,80.71,1.328,71.2,WARNING
Node01,339,5.31,6.467,65.78,1.95,71.8,WARNING
Node01,340,2.816,6.052,61.74,2.178,57.7,WARNING
Node01,341,3.699,7.703,80.46,3.011,75.3,CRITICAL
Node01,342,4.201,7.564,61.36,3.122,71.8,WARNING
Node01,343,4.157,8.189,60.67,2.626,71.4,WARNING
Node01,344,3.531,9.115,73.22,3.15,76.3,CRITICAL
Node01,345,3.499,7.333,61.17,1.774,63.1,WARNING
Node01,346,5.083,10.019,79.47,3.092,85.8,CRITICAL
Node01,347,3.718,7.691,70.99,2.745,71.5,WARNING
Node01,348,4.812,7.986,72.11,1.799,75.0,WARNING
Node01,349,4.561,6.574,69.93,2.604,71.8,WARNING
Node01,350,3.749,6.793,70.62,3.059,70.1,WARNING
Node01,351,4.616,8.199,67.76,2.931,77.0,CRITICAL
Node01,352,4.974,8.083,70.85,2.658,78.6,CRITICAL
Node01,353,4.497,9.091,70.04,2.017,76.3,CRITICAL
Node01,354,4.216,6.514,58.6,2.088,64.6,WARNING
Node01,355,4.831,7.339,82.28,2.126,77.6,CRITICAL
Node01,356,4.225,9.229,74.87,2.74,78.9,CRITICAL
Node01,357,5.647,9.022,62.72,1.762,78.9,CRITICAL
Node01,358,4.403,5.817,73.78,3.536,73.3,WARNING
Node01,359,4.553,6.187,73.04,2.758,72.2,WARNING
Node01,360,3.705,9.0,80.57,1.97,75.5,CRITICAL
Node01,361,5.094,7.831,76.96,2.595,80.2,CRITICAL
Node01,362,4.198,7.275,77.97,3.149,76.3,CRITICAL
Node01,363,3.784,8.184,87.89,3.317,80.5,CRITICAL
Node01,364,6.029,9.742,68.36,3.701,88.9,CRITICAL
Node01,365,5.805,8.207,71.07,2.637,83.1,CRITICAL
Node02,1,0.581,1.597,17.84,1.224,17.1,NORMAL
Node02,2,0.874,0.691,17.91,1.116,15.7,NORMAL
Node02,3,0.691,1.15,16.52,1.18,15.8,NORMAL
Node02,4,0.713,0.937,20.25,1.307,16.9,NORMAL
Node02,5,0.552,0.622,17.06,1.343,14.4,NORMAL
Node02,6,0.746,0.982,15.25,1.193,15.2,NORMAL
Node02,7,0.503,1.154,16.42,1.194,14.9,NORMAL
Node02,8,0.529,1.111,15.06,1.3,14.8,NORMAL
Node02,9,0.687,0.958,18.73,1.302,16.3,NORMAL
Node02,10,0.633,1.351,16.88,0.942,15.4,NORMAL
Node02,11,0.728,0.825,19.98,1.196,16.2,NORMAL
Node02,12,0.735,1.41,15.79,1.222,16.6,NORMAL
Node02,13,0.592,1.353,13.8,1.212,15.1,NORMAL
Node02,14,0.632,1.066,22.42,1.113,16.9,NORMAL
Node02,15,0.634,1.082,17.01,1.192,15.5,NORMAL
Node02,16,0.734,0.88,19.89,1.308,16.8,NORMAL
Node02,17,0.755,1.316,11.87,1.265,15.4,NORMAL
Node02,18,0.718,0.968,20.76,1.203,16.8,NORMAL
Node02,19,0.71,1.495,16.02,1.231,16.9,NORMAL
Node02,20,0.751,1.199,18.19,1.231,16.9,NORMAL
Node02,21,0.636,0.996,14.61,1.223,14.6,NORMAL
Node02,22,0.633,1.05,20.89,1.204,16.7,NORMAL
Node02,23,0.613,1.223,13.64,1.243,14.9,NORMAL
Node02,24,0.752,1.218,11.34,1.364,15.3,NORMAL
Node02,25,0.662,1.306,16.27,1.184,16.0,NORMAL
Node02,26,0.62,1.459,20.43,1.273,17.8,NORMAL
Node02,27,0.546,1.569,15.35,1.208,16.0,NORMAL
Node02,28,0.67,1.479,11.65,1.209,15.2,NORMAL
Node02,29,0.695,0.971,15.95,1.3,15.5,NORMAL
Node02,30,0.645,0.921,25.22,1.292,18.1,NORMAL
Node02,31,0.813,1.655,22.89,1.201,19.9,NORMAL
Node02,32,0.619,1.105,12.91,1.228,14.3,NORMAL
Node02,33,0.697,1.109,22.92,1.25,18.0,NORMAL
Node02,34,0.641,1.444,25.19,1.198,19.2,NORMAL
Node02,35,0.652,0.908,13.59,1.27,14.3,NORMAL
Node02,36,0.644,1.283,20.33,1.17,17.1,NORMAL
Node02,37,0.54,0.896,17.93,1.18,14.8,NORMAL
Node02,38,0.719,1.142,23.16,1.309,18.4,NORMAL
Node02,39,0.629,0.534,22.74,1.071,15.4,NORMAL
Node02,40,0.574,1.128,21.38,1.242,16.9,NORMAL
Node02,41,0.722,0.998,23.63,1.243,18.0,NORMAL
Node02,42,0.609,1.181,22.41,1.151,17.2,NORMAL
Node02,43,0.87,1.203,22.42,1.062,18.3,NORMAL
Node02,44,0.66,0.696,21.43,1.061,15.5,NORMAL
Node02,45,0.759,0.827,23.01,1.271,17.6,NORMAL
Node02,46,0.759,1.29,20.32,1.355,18.3,NORMAL
Node02,47,0.667,0.852,26.66,1.209,18.2,NORMAL
Node02,48,0.771,1.302,19.21,1.266,17.8,NORMAL
Node02,49,0.698,1.238,16.87,1.148,16.1,NORMAL
Node02,50,0.565,1.319,28.92,1.05,19.1,NORMAL
Node02,51,0.509,0.656,16.35,1.093,13.2,NORMAL
Node02,52,0.662,0.723,21.05,1.16,15.8,NORMAL
Node02,53,0.77,1.293,28.72,1.386,21.1,NORMAL
Node02,54,0.672,1.396,20.05,1.093,17.2,NORMAL
Node02,55,0.703,0.963,21.43,1.282,17.2,NORMAL
Node02,56,0.695,0.87,22.45,1.268,17.2,NORMAL
Node02,57,0.631,1.485,19.9,1.195,17.5,NORMAL
Node02,58,0.764,1.267,9.74,1.12,14.2,NORMAL
Node02,59,0.572,0.834,23.24,1.212,16.6,NORMAL
Node02,60,0.655,0.957,16.48,1.181,15.1,NORMAL
Node02,61,0.715,1.382,15.46,1.141,16.1,NORMAL
Node02,62,0.83,1.351,12.49,1.307,16.2,NORMAL
Node02,63,0.629,1.042,21.19,1.147,16.6,NORMAL
Node02,64,0.598,1.433,20.32,1.326,17.8,NORMAL
Node02,65,0.693,1.18,20.63,1.253,17.4,NORMAL
Node02,66,0.721,1.13,22.67,1.096,17.6,NORMAL
Node02,67,0.691,1.452,15.52,1.2,16.4,NORMAL
Node02,68,0.685,1.062,16.95,1.245,15.9,NORMAL
Node02,69,0.749,1.288,19.99,1.358,18.2,NORMAL
Node02,70,0.777,0.96,20.58,1.123,16.8,NORMAL
Node02,71,0.672,1.1,17.28,1.165,15.8,NORMAL
Node02,72,0.687,1.178,16.11,1.199,15.8,NORMAL
Node02,73,0.747,1.176,19.21,1.141,16.9,NORMAL
Node02,74,0.642,1.5,12.54,1.102,15.0,NORMAL
Node02,75,0.663,1.395,15.15,1.112,15.7,NORMAL
Node02,76,0.786,1.079,13.41,1.297,15.5,NORMAL
Node02,77,0.682,1.377,19.04,1.157,17.1,NORMAL
Node02,78,0.638,1.004,19.1,1.389,16.6,NORMAL
Node02,79,0.8,1.014,14.32,1.141,15.1,NORMAL
Node02,80,0.697,1.235,19.33,1.245,17.2,NORMAL
Node02,81,0.895,1.072,18.84,1.236,17.5,NORMAL
Node02,82,0.743,1.282,26.51,1.112,19.4,NORMAL
Node02,83,0.758,1.215,22.87,1.095,18.0,NORMAL
Node02,84,0.665,0.5,25.81,4.131,26.6,WATCH
Node02,85,0.694,0.642,22.41,1.137,16.1,NORMAL
Node02,86,0.75,1.469,20.76,1.283,18.7,NORMAL
Node02,87,0.661,0.969,13.07,1.198,14.1,NORMAL
Node02,88,0.654,0.555,20.63,1.398,16.0,NORMAL
Node02,89,0.726,1.416,18.75,1.102,17.2,NORMAL
Node02,90,0.7,1.048,15.73,1.342,15.9,NORMAL
Node02,91,0.708,0.973,20.37,1.204,16.7,NORMAL
Node02,92,0.742,1.523,17.54,1.082,17.1,NORMAL
Node02,93,0.8,1.718,17.58,1.115,18.0,NORMAL
Node02,94,0.605,1.132,20.08,1.191,16.5,NORMAL
Node02,95,0.759,0.935,17.64,1.076,15.6,NORMAL
Node02,96,0.801,1.398,24.26,1.124,19.3,NORMAL
Node02,97,0.797,1.207,22.22,1.29,18.7,NORMAL
Node02,98,0.672,1.096,14.38,1.159,14.8,NORMAL
Node02,99,0.679,0.856,20.07,1.372,16.7,NORMAL
Node02,100,0.659,0.903,16.76,1.245,15.2,NORMAL
Node02,101,0.828,1.178,19.92,1.079,17.3,NORMAL
Node02,102,0.721,1.291,18.31,1.221,17.0,NORMAL
Node02,103,0.646,1.318,24.36,1.268,18.8,NORMAL
Node02,104,0.734,1.151,17.48,1.134,16.2,NORMAL
Node02,105,0.665,1.167,19.68,1.342,17.3,NORMAL
Node02,106,0.751,1.501,22.39,1.196,19.0,NORMAL
Node02,107,0.702,0.744,25.48,1.156,17.5,NORMAL
Node02,108,0.664,1.582,15.95,1.152,16.6,NORMAL
Node02,109,0.69,0.999,19.98,1.253,16.7,NORMAL
Node02,110,0.742,1.114,22.07,1.186,17.7,NORMAL
Node02,111,0.74,1.427,13.65,1.199,16.0,NORMAL
Node02,112,0.707,0.682,9.05,1.261,12.5,NORMAL
Node02,113,0.645,1.332,19.59,1.224,17.2,NORMAL
Node02,114,0.667,1.166,16.47,1.165,15.7,NORMAL
Node02,115,0.752,1.08,21.34,1.224,17.6,NORMAL
Node02,116,0.667,0.906,22.49,1.129,16.7,NORMAL
Node02,117,0.72,0.763,20.49,1.27,16.4,NORMAL
Node02,118,0.643,0.748,18.99,1.237,15.4,NORMAL
Node02,119,0.651,0.977,22.66,1.212,17.2,NORMAL
Node02,120,0.659,1.346,19.42,1.144,17.0,NORMAL
Node02,121,0.755,1.054,22.67,1.147,17.7,NORMAL
Node02,122,0.713,1.44,21.02,1.283,18.5,NORMAL
Node02,123,0.789,1.264,23.25,1.126,18.5,NORMAL
Node02,124,0.807,1.494,17.55,1.372,18.3,NORMAL
Node02,125,1.019,1.753,23.67,1.185,21.4,NORMAL
Node02,126,0.856,1.34,25.93,1.39,20.8,NORMAL
Node02,127,1.261,1.577,23.07,1.331,22.4,NORMAL
Node02,128,1.385,1.892,24.4,1.036,23.3,NORMAL
Node02,129,1.315,2.336,22.81,1.372,24.8,NORMAL
Node02,130,1.695,2.69,30.61,1.62,31.0,WATCH
Node02,131,1.897,2.622,35.15,1.405,32.6,WATCH
Node02,132,1.941,2.21,35.0,1.526,32.0,WATCH
Node02,133,2.18,3.174,34.52,1.382,35.2,WATCH
Node02,134,2.032,2.3,31.67,1.509,31.6,WATCH
Node02,135,1.761,3.389,36.99,1.577,35.2,WATCH
Node02,136,2.071,2.729,44.24,1.474,36.8,WATCH
Node02,137,2.286,3.388,36.84,1.553,37.7,WATCH
Node02,138,2.697,3.333,38.41,1.88,41.1,WATCH
Node02,139,2.809,3.505,49.21,1.617,44.7,WATCH
Node02,140,2.643,3.739,46.22,2.215,45.6,WATCH
Node02,141,3.147,4.52,43.81,2.369,50.0,WATCH
Node02,142,3.727,5.343,40.91,2.718,55.5,WARNING
Node02,143,2.88,4.431,49.97,1.855,48.7,WATCH
Node02,144,3.339,6.231,51.37,2.109,57.3,WARNING
Node02,145,4.172,5.107,44.59,2.136,56.2,WARNING
Node02,146,4.377,6.445,57.24,2.272,65.4,WARNING
Node02,147,3.4,7.399,49.6,2.873,62.8,WARNING
Node02,148,5.415,6.313,55.59,2.851,71.7,WARNING
Node02,149,4.486,6.985,58.76,2.13,67.5,WARNING
Node02,150,3.695,6.798,65.77,3.032,68.2,WARNING
Node02,151,5.884,8.607,72.58,2.467,84.5,CRITICAL
Node02,152,5.299,8.162,56.34,2.485,75.2,CRITICAL
Node02,153,6.463,7.352,73.79,3.405,85.1,CRITICAL
Node02,154,5.552,8.812,87.17,3.091,90.1,CRITICAL
Node02,155,4.746,8.601,70.34,2.992,79.8,CRITICAL
Node02,156,7.157,10.807,79.64,2.727,89.2,CRITICAL
Node02,157,6.549,11.201,76.37,3.459,90.6,CRITICAL
Node02,158,7.253,10.159,84.6,3.307,92.7,CRITICAL
Node02,159,8.604,11.155,85.09,3.358,93.1,CRITICAL
Node02,160,7.044,10.448,89.67,4.405,98.0,CRITICAL
Node02,161,8.253,14.186,93.98,3.81,97.4,CRITICAL
Node02,162,10.192,11.14,96.43,4.792,100.0,CRITICAL
Node02,163,8.427,10.621,81.84,4.63,95.8,CRITICAL
Node02,164,10.782,11.177,92.03,3.096,94.4,CRITICAL
Node02,165,11.169,12.73,106.2,5.255,100.0,CRITICAL
Node02,166,9.91,11.725,130.62,3.935,98.1,CRITICAL
Node02,167,11.789,14.802,111.07,8.262,100.0,CRITICAL
Node02,168,7.961,13.461,141.19,5.691,100.0,CRITICAL
Node02,169,9.11,18.907,138.91,5.601,100.0,CRITICAL
Node02,170,12.285,15.802,99.86,5.194,100.0,CRITICAL
Node02,171,14.25,18.489,148.9,7.428,100.0,CRITICAL
Node02,172,13.558,17.478,156.28,7.047,100.0,CRITICAL
Node02,173,10.574,21.313,158.45,8.343,100.0,CRITICAL
Node02,174,13.339,14.54,158.77,5.371,100.0,CRITICAL
Node02,175,16.099,22.971,157.83,3.124,95.4,CRITICAL
Node02,176,12.831,20.519,192.55,5.83,100.0,CRITICAL
Node02,177,16.971,21.652,202.15,6.964,100.0,CRITICAL
Node02,178,17.578,22.703,163.94,8.787,100.0,CRITICAL
Node02,179,17.4,24.204,210.76,7.393,100.0,CRITICAL
Node02,180,16.774,23.152,169.08,5.585,100.0,CRITICAL
Node02,181,17.777,20.338,204.35,9.748,100.0,CRITICAL
Node02,182,14.668,21.973,216.8,5.684,100.0,CRITICAL
Node02,183,19.731,26.622,196.1,5.279,100.0,CRITICAL
Node02,184,17.481,32.931,222.09,6.197,100.0,CRITICAL
Node02,185,14.555,24.549,273.19,9.434,100.0,CRITICAL
Node02,186,23.089,27.534,211.74,5.43,100.0,CRITICAL
Node02,187,18.824,28.382,260.89,6.292,100.0,CRITICAL
Node02,188,25.424,27.689,296.76,8.055,100.0,CRITICAL
Node02,189,27.513,24.726,294.73,13.71,100.0,CRITICAL
Node02,190,20.73,41.48,270.13,3.807,97.7,CRITICAL
Node02,191,18.615,35.198,246.55,10.918,100.0,CRITICAL
Node02,192,21.54,42.028,294.91,8.945,100.0,CRITICAL
Node02,193,32.349,44.61,240.55,10.808,100.0,CRITICAL
Node02,194,30.469,42.44,316.15,6.371,100.0,CRITICAL
Node02,195,32.899,38.502,310.7,7.233,100.0,CRITICAL
Node02,196,32.554,43.662,377.52,8.337,100.0,CRITICAL
Node02,197,35.507,38.222,319.31,12.903,100.0,CRITICAL
Node02,198,35.868,35.638,371.37,6.755,100.0,CRITICAL
Node02,199,35.3,44.993,291.67,12.508,100.0,CRITICAL
Node02,200,32.252,49.417,429.34,8.532,100.0,CRITICAL
Node02,201,32.33,37.845,417.98,8.589,100.0,CRITICAL
Node02,202,38.136,49.157,338.35,14.184,100.0,CRITICAL
Node02,203,38.087,61.867,472.05,6.198,100.0,CRITICAL
Node02,204,31.678,49.759,504.84,14.509,100.0,CRITICAL
Node02,205,30.718,65.033,462.48,12.754,100.0,CRITICAL
Node02,206,50.3,65.584,388.17,15.622,100.0,CRITICAL
Node02,207,44.151,66.954,380.89,20.122,100.0,CRITICAL
Node02,208,43.821,74.774,440.22,18.445,100.0,CRITICAL
Node02,209,49.156,68.549,575.78,12.815,100.0,CRITICAL
Node02,210,44.918,78.636,575.2,16.453,100.0,CRITICAL
Node02,211,40.557,52.074,526.04,13.527,100.0,CRITICAL
Node02,212,60.766,61.206,476.4,15.953,100.0,CRITICAL
Node02,213,43.495,66.811,511.51,22.317,100.0,CRITICAL
Node02,214,55.48,73.822,519.53,28.286,100.0,CRITICAL
Node02,215,49.96,70.966,656.51,22.317,100.0,CRITICAL
Node02,216,45.105,66.096,529.18,12.398,100.0,CRITICAL
Node02,217,58.009,105.595,729.44,31.313,100.0,CRITICAL
Node02,218,51.808,75.221,536.81,20.736,100.0,CRITICAL
Node02,219,47.044,92.731,722.27,24.307,100.0,CRITICAL
Node02,220,53.106,75.032,751.35,24.258,100.0,CRITICAL
Node02,221,79.09,106.427,670.58,19.693,100.0,CRITICAL
Node02,222,75.495,75.731,923.17,21.212,100.0,CRITICAL
Node02,223,82.966,99.804,743.36,13.456,100.0,CRITICAL
Node02,224,62.466,126.741,942.14,19.028,100.0,CRITICAL
Node02,225,92.216,137.0,727.16,32.289,100.0,CRITICAL
Node02,226,65.326,112.955,825.46,41.928,100.0,CRITICAL
Node02,227,102.553,108.303,806.15,21.428,100.0,CRITICAL
Node02,228,67.447,112.357,844.5,47.694,100.0,CRITICAL
Node02,229,80.151,124.411,751.14,24.657,100.0,CRITICAL
Node02,230,100.623,122.001,962.16,13.061,100.0,CRITICAL
Node02,231,94.066,125.85,825.58,18.049,100.0,CRITICAL
Node02,232,120.038,161.565,832.18,35.521,100.0,CRITICAL
Node02,233,100.056,133.701,952.0,39.975,100.0,CRITICAL
Node02,234,89.519,127.909,987.86,37.373,100.0,CRITICAL
Node02,235,83.585,138.973,1443.18,23.711,100.0,CRITICAL
Node02,236,114.522,146.625,997.33,39.049,100.0,CRITICAL
Node02,237,108.166,182.607,1038.75,55.601,100.0,CRITICAL
Node02,238,95.191,140.648,1590.76,24.131,100.0,CRITICAL
Node02,239,125.075,151.53,1325.02,47.889,100.0,CRITICAL
Node02,240,108.291,218.404,1488.81,64.532,100.0,CRITICAL
Node02,241,140.626,174.31,1199.57,73.397,100.0,CRITICAL
Node02,242,168.565,223.946,1633.18,19.945,100.0,CRITICAL
Node02,243,160.778,150.835,1664.19,35.41,100.0,CRITICAL
Node02,244,107.346,241.698,1408.7,60.412,100.0,CRITICAL
Node02,245,132.798,189.795,1805.22,26.687,100.0,CRITICAL
Node02,246,164.035,260.152,1693.45,24.402,100.0,CRITICAL
Node02,247,195.334,192.114,1560.82,60.602,100.0,CRITICAL
Node02,248,178.627,249.806,1587.78,84.437,100.0,CRITICAL
Node02,249,183.954,204.842,1721.33,50.725,100.0,CRITICAL
Node02,250,134.367,218.131,2352.38,44.233,100.0,CRITICAL
Node02,251,208.115,286.382,2407.91,80.568,100.0,CRITICAL
Node02,252,144.389,214.737,1602.34,57.078,100.0,CRITICAL
Node02,253,218.73,222.615,2384.32,64.117,100.0,CRITICAL
Node02,254,174.392,233.685,2158.5,50.735,100.0,CRITICAL
Node02,255,169.508,252.818,2487.17,78.977,100.0,CRITICAL
Node02,256,218.303,378.21,2691.68,88.662,100.0,CRITICAL
Node02,257,225.001,368.999,2218.0,49.744,100.0,CRITICAL
Node02,258,165.07,279.638,2826.39,51.591,100.0,CRITICAL
Node02,259,283.135,371.153,3134.0,104.236,100.0,CRITICAL
Node02,260,286.115,280.301,2232.69,80.34,100.0,CRITICAL
Node02,261,185.203,314.355,2990.01,84.302,100.0,CRITICAL
Node02,262,255.742,312.828,3211.35,80.558,100.0,CRITICAL
Node02,263,217.525,320.553,3271.4,80.971,100.0,CRITICAL
Node02,264,330.149,421.408,2417.74,162.317,100.0,CRITICAL
Node02,265,293.21,441.197,3209.43,97.388,100.0,CRITICAL
Node02,266,214.84,318.747,3907.54,102.92,100.0,CRITICAL
Node02,267,359.773,376.753,2884.95,131.439,100.0,CRITICAL
Node02,268,391.487,538.468,3322.89,82.539,100.0,CRITICAL
Node02,269,363.358,446.871,3781.71,112.049,100.0,CRITICAL
Node02,270,274.445,576.102,2991.21,77.029,100.0,CRITICAL
Node02,271,340.516,520.917,3257.43,133.06,100.0,CRITICAL
Node02,272,365.111,520.81,4430.99,77.063,100.0,CRITICAL
Node02,273,334.087,538.413,4345.08,117.683,100.0,CRITICAL
Node02,274,369.83,468.126,3814.39,59.077,100.0,CRITICAL
Node02,275,438.796,666.946,3316.67,121.132,100.0,CRITICAL
Node02,276,348.267,531.229,5139.66,174.657,100.0,CRITICAL
Node02,277,394.548,492.495,5425.84,75.85,100.0,CRITICAL
Node02,278,492.927,708.229,5423.86,139.754,100.0,CRITICAL
Node02,279,488.674,676.181,4495.18,132.123,100.0,CRITICAL
Node02,280,559.172,509.454,5391.11,224.934,100.0,CRITICAL
Node02,281,523.019,570.083,6058.62,106.933,100.0,CRITICAL
Node02,282,567.226,668.724,5134.6,147.019,100.0,CRITICAL
Node02,283,527.146,675.991,6177.38,217.976,100.0,CRITICAL
Node02,284,473.484,655.163,6156.38,204.932,100.0,CRITICAL
Node02,285,545.559,833.878,4595.12,260.24,100.0,CRITICAL
Node02,286,658.342,985.815,5798.42,104.525,100.0,CRITICAL
Node02,287,632.554,744.177,7284.81,237.642,100.0,CRITICAL
Node02,288,633.863,1026.922,6315.41,290.846,100.0,CRITICAL
Node02,289,581.334,1039.907,5846.58,266.267,100.0,CRITICAL
Node02,290,648.866,1075.013,5955.77,359.216,100.0,CRITICAL
Node02,291,723.372,1056.814,6696.61,307.408,100.0,CRITICAL
Node02,292,695.13,976.856,8581.55,319.317,100.0,CRITICAL
Node02,293,522.512,1115.988,8742.83,290.559,100.0,CRITICAL
Node02,294,807.13,1077.999,7865.03,317.414,100.0,CRITICAL
Node02,295,655.834,1300.937,8107.37,170.371,100.0,CRITICAL
Node02,296,958.723,863.74,6336.66,331.893,100.0,CRITICAL
Node02,297,983.931,1120.072,8363.36,147.731,100.0,CRITICAL
Node02,298,731.613,934.321,8966.68,196.679,100.0,CRITICAL
Node02,299,631.513,1403.271,9286.74,379.692,100.0,CRITICAL
Node02,300,914.629,1401.059,8764.94,336.229,100.0,CRITICAL
Node02,301,863.008,1632.545,10204.65,248.743,100.0,CRITICAL
Node02,302,975.085,1138.899,7746.13,499.824,100.0,CRITICAL
Node02,303,1050.978,1249.341,9746.64,428.495,100.0,CRITICAL
Node02,304,807.851,1335.359,11911.12,374.365,100.0,CRITICAL
Node02,305,1198.424,1167.035,13198.49,389.888,100.0,CRITICAL
Node02,306,1064.176,1781.504,13459.73,552.428,100.0,CRITICAL
Node02,307,1008.17,1890.506,14343.78,267.28,100.0,CRITICAL
Node02,308,964.77,1801.923,11475.36,334.381,100.0,CRITICAL
Node02,309,1158.188,1553.676,13203.92,506.82,100.0,CRITICAL
Node02,310,1077.4,2019.13,15651.77,693.708,100.0,CRITICAL
Node02,311,1139.716,1620.58,16564.07,264.424,100.0,CRITICAL
Node02,312,1468.664,1480.287,11381.82,534.1,100.0,CRITICAL
Node02,313,1250.053,1722.321,11384.01,410.49,100.0,CRITICAL
Node02,314,1567.274,2084.21,13283.58,401.294,100.0,CRITICAL
Node02,315,1677.733,1725.7,18425.16,322.142,100.0,CRITICAL
Node02,316,1617.299,1612.689,15738.72,300.436,100.0,CRITICAL
Node02,317,1271.244,2349.039,13413.94,276.543,100.0,CRITICAL
Node02,318,1655.573,2041.496,13135.49,418.702,100.0,CRITICAL
Node02,319,1265.662,2761.784,13701.23,430.621,100.0,CRITICAL
Node02,320,1376.953,2664.536,21802.9,610.107,100.0,CRITICAL
Node02,321,1300.912,1995.471,19144.17,258.869,100.0,CRITICAL
Node02,322,1761.53,2622.739,16747.3,433.221,100.0,CRITICAL
Node02,323,1375.459,3180.633,17344.11,614.937,100.0,CRITICAL
Node02,324,2395.521,2683.857,24500.57,822.191,100.0,CRITICAL
Node02,325,1549.332,2556.03,25212.73,1032.736,100.0,CRITICAL
Node02,326,1979.225,3105.093,20605.04,1107.054,100.0,CRITICAL
Node02,327,2008.339,2442.232,23491.11,415.392,100.0,CRITICAL
Node02,328,2214.374,3465.782,25962.01,875.17,100.0,CRITICAL
Node02,329,2550.709,3797.121,25413.43,628.388,100.0,CRITICAL
Node02,330,2265.969,3879.585,29066.9,982.881,100.0,CRITICAL
Node02,331,2882.041,2624.407,21914.29,336.948,100.0,CRITICAL
Node02,332,1919.616,4448.344,23769.52,712.579,100.0,CRITICAL
Node02,333,2078.634,4125.913,29918.98,1079.695,100.0,CRITICAL
Node02,334,2590.85,4423.217,35445.04,1071.636,100.0,CRITICAL
Node02,335,3418.943,4206.403,34633.08,833.395,100.0,CRITICAL
Node02,336,3143.677,4324.285,29127.08,536.019,100.0,CRITICAL
Node02,337,3498.445,4281.226,28627.14,747.5,100.0,CRITICAL
Node02,338,2392.062,5183.215,26976.32,967.814,100.0,CRITICAL
Node02,339,3258.53,4584.964,32779.49,710.049,100.0,CRITICAL
Node02,340,3952.781,4034.814,40992.37,872.399,100.0,CRITICAL
Node02,341,2472.162,4491.649,37281.66,1722.552,100.0,CRITICAL
Node02,342,2839.75,4238.328,31952.42,769.568,100.0,CRITICAL
Node02,343,3121.045,4155.732,46277.1,1676.646,100.0,CRITICAL
Node02,344,3962.982,4016.019,31233.64,1024.648,100.0,CRITICAL
Node02,345,4042.389,5148.739,48628.19,750.101,100.0,CRITICAL
Node02,346,3298.111,6293.364,42721.63,1747.724,100.0,CRITICAL
Node02,347,4717.507,6014.917,54108.57,1159.395,100.0,CRITICAL
Node02,348,4703.663,5119.724,51415.67,680.871,100.0,CRITICAL
Node02,349,4458.128,7580.71,42716.03,1300.791,100.0,CRITICAL
Node02,350,3469.052,6270.753,47233.56,777.599,100.0,CRITICAL
Node02,351,4617.345,7909.908,62072.67,1384.944,100.0,CRITICAL
Node02,352,4942.298,7014.351,41591.09,1518.449,100.0,CRITICAL
Node02,353,4740.983,6005.593,63755.49,1036.659,100.0,CRITICAL
Node02,354,4176.594,8307.843,52891.15,1036.775,100.0,CRITICAL
Node02,355,5320.411,7518.307,46449.87,2388.572,100.0,CRITICAL
Node02,356,4690.557,8991.771,47220.65,3186.564,100.0,CRITICAL
Node02,357,6930.067,6817.476,69374.76,1889.935,100.0,CRITICAL
Node02,358,5874.2,9206.197,71784.79,1324.601,100.0,CRITICAL
Node02,359,4605.374,9288.307,51237.77,3068.988,100.0,CRITICAL
Node02,360,5137.784,9186.824,64237.95,2706.286,100.0,CRITICAL
Node02,361,7502.509,10327.98,74953.54,917.557,100.0,CRITICAL
Node02,362,6281.042,7529.04,68687.8,2849.013,100.0,CRITICAL
Node02,363,7887.148,8211.602,54944.19,2713.381,100.0,CRITICAL
Node02,364,7071.273,11508.843,70830.52,1927.003,100.0,CRITICAL
Node02,365,8939.245,10314.346,86365.22,1435.481,100.0,CRITICAL
Node03,1,1.061,0.284,26.54,0.677,16.7,NORMAL
Node03,2,0.93,0.509,26.66,0.498,16.1,NORMAL
Node03,3,0.995,0.636,24.73,0.403,15.9,NORMAL
Node03,4,0.928,0.113,24.67,0.45,14.2,NORMAL
Node03,5,0.903,0.084,17.56,0.333,11.4,NORMAL
Node03,6,0.87,0.112,23.11,0.721,14.4,NORMAL
Node03,7,0.959,0.967,29.58,0.787,19.4,NORMAL
Node03,8,0.911,0.273,26.96,0.93,16.9,NORMAL
Node03,9,1.134,0.754,26.15,0.568,17.9,NORMAL
Node03,10,0.949,0.669,19.39,0.535,14.5,NORMAL
Node03,11,1.028,0.345,26.33,0.59,16.4,NORMAL
Node03,12,0.765,0.0,27.01,0.669,14.6,NORMAL
Node03,13,0.969,0.062,25.99,0.358,14.4,NORMAL
Node03,14,1.029,0.32,25.39,0.408,15.4,NORMAL
Node03,15,0.915,0.301,29.7,0.342,15.9,NORMAL
Node03,16,0.916,0.296,27.8,0.055,14.4,NORMAL
Node03,17,0.865,0.321,23.08,0.449,14.0,NORMAL
Node03,18,0.895,0.509,22.62,0.398,14.4,NORMAL
Node03,19,0.9,0.399,26.29,0.712,16.3,NORMAL
Node03,20,0.989,0.168,24.13,0.402,14.4,NORMAL
Node03,21,1.028,0.351,27.35,0.657,16.9,NORMAL
Node03,22,0.953,0.195,27.15,0.519,15.6,NORMAL
Node03,23,0.973,0.095,25.8,0.587,15.2,NORMAL
Node03,24,0.815,0.316,32.41,0.627,17.3,NORMAL
Node03,25,0.968,0.62,26.65,0.353,16.2,NORMAL
Node03,26,0.981,0.292,26.89,0.449,15.7,NORMAL
Node03,27,0.834,0.357,29.02,0.587,16.3,NORMAL
Node03,28,1.128,0.222,24.88,0.289,15.1,NORMAL
Node03,29,0.935,0.139,25.64,0.555,15.0,NORMAL
Node03,30,1.128,0.366,31.35,0.386,17.8,NORMAL
Node03,31,0.863,0.199,23.08,0.454,13.7,NORMAL
Node03,32,0.894,0.21,28.27,0.455,15.5,NORMAL
Node03,33,1.126,0.659,29.89,0.525,18.6,NORMAL
Node03,34,1.046,0.219,29.67,0.766,17.8,NORMAL
Node03,35,1.074,0.166,23.23,0.637,15.3,NORMAL
Node03,36,0.88,0.247,22.57,0.503,13.9,NORMAL
Node03,37,0.991,0.207,27.19,0.541,15.9,NORMAL
Node03,38,0.936,0.141,25.52,0.44,14.6,NORMAL
Node03,39,0.724,0.173,19.6,0.501,12.0,NORMAL
Node03,40,1.013,0.0,27.52,0.705,16.1,NORMAL
Node03,41,0.989,0.115,24.48,0.431,14.4,NORMAL
Node03,42,0.903,0.496,25.34,0.382,15.2,NORMAL
Node03,43,1.08,0.0,28.97,0.385,15.8,NORMAL
Node03,44,0.951,0.588,29.86,0.769,18.4,NORMAL
Node03,45,0.964,0.116,30.74,0.602,16.9,NORMAL
Node03,46,0.998,0.654,28.79,0.335,17.0,NORMAL
Node03,47,0.911,0.0,26.82,0.452,14.5,NORMAL
Node03,48,0.945,0.186,28.09,0.801,16.8,NORMAL
Node03,49,1.106,0.0,27.53,0.787,16.8,NORMAL
Node03,50,0.982,0.271,26.64,0.41,15.4,NORMAL
Node03,51,1.067,0.413,30.77,0.87,19.1,NORMAL
Node03,52,0.952,0.622,24.67,0.682,16.6,NORMAL
Node03,53,0.804,0.734,22.06,4.46,27.9,WATCH
Node03,54,1.056,0.354,23.98,0.318,14.9,NORMAL
Node03,55,0.847,0.391,25.65,0.569,15.3,NORMAL
Node03,56,1.061,0.389,30.0,0.429,17.3,NORMAL
Node03,57,1.11,0.42,24.03,0.533,16.1,NORMAL
Node03,58,1.165,0.05,23.82,0.426,14.9,NORMAL
Node03,59,1.003,0.339,31.6,0.465,17.5,NORMAL
Node03,60,1.043,0.214,22.21,0.473,14.4,NORMAL
Node03,61,0.97,0.473,29.86,0.42,17.0,NORMAL
Node03,62,1.079,0.101,31.2,0.241,16.3,NORMAL
Node03,63,0.949,0.378,24.5,0.3,14.5,NORMAL
Node03,64,1.048,0.103,28.69,0.242,15.4,NORMAL
Node03,65,1.075,0.503,27.3,0.681,17.7,NORMAL
Node03,66,0.975,0.309,29.28,0.315,16.0,NORMAL
Node03,67,0.97,0.273,24.92,0.447,15.0,NORMAL
Node03,68,0.794,0.315,26.48,0.712,15.6,NORMAL
Node03,69,1.056,0.188,24.74,0.33,14.7,NORMAL
Node03,70,0.963,0.183,29.01,0.56,16.3,NORMAL
Node03,71,1.041,0.235,25.09,0.583,15.7,NORMAL
Node03,72,0.928,0.43,28.33,0.392,16.1,NORMAL
Node03,73,0.993,0.13,30.8,0.573,17.0,NORMAL
Node03,74,1.083,0.271,22.89,0.48,15.0,NORMAL
Node03,75,1.107,0.676,28.11,0.495,17.9,NORMAL
Node03,76,1.029,0.56,22.47,0.655,16.0,NORMAL
Node03,77,0.931,0.383,28.01,0.551,16.4,NORMAL
Node03,78,1.006,0.609,24.49,0.441,15.9,NORMAL
Node03,79,0.924,0.368,28.11,0.484,16.1,NORMAL
Node03,80,0.845,0.424,27.73,0.353,15.3,NORMAL
Node03,81,0.981,0.334,23.34,0.549,15.0,NORMAL
Node03,82,1.007,0.075,17.15,0.34,11.8,NORMAL
Node03,83,1.114,0.588,24.74,0.314,16.1,NORMAL
Node03,84,1.117,0.478,29.62,0.825,19.0,NORMAL
Node03,85,1.036,0.345,23.35,0.526,15.3,NORMAL
Node03,86,0.92,0.559,25.03,0.777,16.6,NORMAL
Node03,87,0.972,0.422,23.27,0.655,15.6,NORMAL
Node03,88,0.933,0.61,27.44,0.179,15.6,NORMAL
Node03,89,2.984,0.378,25.54,0.851,26.9,WATCH
Node03,90,0.987,0.674,24.62,0.431,16.0,NORMAL
Node03,91,1.076,0.0,27.94,0.273,15.1,NORMAL
Node03,92,0.951,0.43,26.2,0.692,16.5,NORMAL
Node03,93,0.894,0.462,25.86,0.531,15.7,NORMAL
Node03,94,1.058,0.33,22.94,0.624,15.5,NORMAL
Node03,95,1.099,0.727,24.49,0.565,17.1,NORMAL
Node03,96,0.855,0.124,20.41,0.542,12.9,NORMAL
Node03,97,0.998,0.605,23.9,0.522,16.0,NORMAL
Node03,98,0.984,0.508,22.74,0.627,15.6,NORMAL
Node03,99,1.118,0.328,21.8,0.292,14.4,NORMAL
Node03,100,0.907,0.45,29.94,0.868,18.1,NORMAL
Node03,101,0.971,0.469,24.9,0.273,14.9,NORMAL
Node03,102,0.911,0.367,20.65,0.358,13.3,NORMAL
Node03,103,0.885,0.0,23.08,0.266,12.6,NORMAL
Node03,104,1.041,0.546,31.36,0.851,19.5,NORMAL
Node03,105,1.182,0.496,20.24,0.419,15.1,NORMAL
Node03,106,1.065,0.28,23.0,0.449,14.9,NORMAL
Node03,107,1.035,0.377,26.46,0.319,15.6,NORMAL
Node03,108,0.821,0.294,22.08,0.276,12.8,NORMAL
Node03,109,0.952,0.174,24.24,0.325,14.0,NORMAL
Node03,110,1.021,0.439,29.94,0.601,17.8,NORMAL
Node03,111,0.917,0.194,25.17,0.419,14.5,NORMAL
Node03,112,0.93,0.0,25.7,0.388,14.1,NORMAL
Node03,113,0.974,0.306,24.59,0.441,15.0,NORMAL
Node03,114,1.07,0.448,24.74,0.563,16.3,NORMAL
Node03,115,0.957,0.469,21.56,0.705,15.3,NORMAL
Node03,116,1.039,0.44,26.9,0.622,17.0,NORMAL
Node03,117,1.136,0.316,32.87,0.308,18.0,NORMAL
Node03,118,1.059,0.0,28.87,0.642,16.6,NORMAL
Node03,119,1.085,0.527,24.38,0.665,16.8,NORMAL
Node03,120,1.049,0.652,25.35,0.759,17.6,NORMAL
Node03,121,1.085,0.161,23.09,0.655,15.3,NORMAL
Node03,122,1.064,0.619,26.24,0.642,17.5,NORMAL
Node03,123,1.204,0.325,27.62,0.417,17.0,NORMAL
Node03,124,1.105,0.437,24.91,0.496,16.3,NORMAL
Node03,125,0.965,0.263,24.43,0.606,15.3,NORMAL
Node03,126,0.92,0.579,26.35,0.529,16.3,NORMAL
Node03,127,1.001,0.417,21.67,0.551,14.8,NORMAL
Node03,128,0.953,0.87,28.52,0.552,18.0,NORMAL
Node03,129,0.996,0.87,19.12,0.56,15.3,NORMAL
Node03,130,0.998,0.012,29.41,0.533,16.1,NORMAL
Node03,131,1.261,0.272,30.87,0.37,18.0,NORMAL
Node03,132,1.069,0.723,27.62,0.38,17.3,NORMAL
Node03,133,1.079,0.391,29.5,0.996,19.1,NORMAL
Node03,134,0.891,0.548,28.23,0.578,16.8,NORMAL
Node03,135,1.047,0.0,22.88,0.484,14.1,NORMAL
Node03,136,1.137,0.224,25.06,0.534,16.0,NORMAL
Node03,137,0.872,0.279,23.61,0.135,13.0,NORMAL
Node03,138,0.778,0.287,26.45,0.465,14.6,NORMAL
Node03,139,0.896,0.498,20.45,0.504,14.0,NORMAL
Node03,140,0.947,0.195,28.27,0.835,17.0,NORMAL
Node03,141,0.894,0.062,25.31,0.774,15.2,NORMAL
Node03,142,0.941,0.663,24.61,0.55,16.2,NORMAL
Node03,143,0.97,0.613,26.91,0.53,16.8,NORMAL
Node03,144,0.904,0.056,25.49,0.752,15.2,NORMAL
Node03,145,0.895,0.54,25.43,0.399,15.3,NORMAL
Node03,146,0.954,0.736,30.72,0.41,17.9,NORMAL
Node03,147,0.93,0.404,29.73,0.418,16.6,NORMAL
Node03,148,0.88,0.45,21.92,0.703,14.9,NORMAL
Node03,149,0.904,0.178,17.51,0.623,12.6,NORMAL
Node03,150,1.063,0.255,22.45,0.494,14.8,NORMAL
Node03,151,0.939,0.256,24.73,0.412,14.6,NORMAL
Node03,152,0.812,0.212,32.47,0.055,15.1,NORMAL
Node03,153,0.915,0.536,23.69,0.518,15.3,NORMAL
Node03,154,0.932,0.615,24.14,0.573,15.9,NORMAL
Node03,155,0.93,0.048,21.5,0.29,12.5,NORMAL
Node03,156,1.041,0.237,29.34,0.149,15.6,NORMAL
Node03,157,1.02,0.629,23.6,0.632,16.4,NORMAL
Node03,158,1.061,0.281,24.13,0.692,16.0,NORMAL
Node03,159,0.83,0.169,25.39,0.422,14.0,NORMAL
Node03,160,0.769,0.607,22.09,0.61,14.5,NORMAL
Node03,161,0.899,0.55,29.26,0.222,16.0,NORMAL
Node03,162,0.918,0.262,21.82,0.31,13.2,NORMAL
Node03,163,0.985,0.188,26.88,0.468,15.5,NORMAL
Node03,164,0.834,0.473,22.83,0.288,13.7,NORMAL
Node03,165,0.859,0.25,27.64,0.562,15.6,NORMAL
Node03,166,0.94,0.391,24.5,0.495,15.2,NORMAL
Node03,167,0.898,0.241,21.84,0.119,12.4,NORMAL
Node03,168,0.982,0.467,25.06,0.711,16.5,NORMAL
Node03,169,0.958,0.473,28.8,0.538,17.0,NORMAL
Node03,170,0.984,0.384,24.62,0.277,14.7,NORMAL
Node03,171,0.902,0.201,18.5,0.469,12.5,NORMAL
Node03,172,0.863,0.416,23.8,0.493,14.6,NORMAL
Node03,173,1.054,0.217,23.65,0.442,14.8,NORMAL
Node03,174,0.759,0.141,24.21,0.366,13.1,NORMAL
Node03,175,0.892,0.644,20.61,0.558,14.6,NORMAL
Node03,176,0.978,0.249,28.81,0.781,17.3,NORMAL
Node03,177,0.801,0.211,23.0,0.283,12.8,NORMAL
Node03,178,0.982,0.209,24.57,0.515,15.0,NORMAL
Node03,179,1.008,0.0,21.56,0.497,13.5,NORMAL
Node03,180,0.984,0.475,28.15,0.359,16.3,NORMAL
Node03,181,0.78,0.104,27.92,0.469,14.6,NORMAL
Node03,182,0.888,0.565,26.57,0.502,16.1,NORMAL
Node03,183,1.042,0.542,23.38,0.427,15.5,NORMAL
Node03,184,0.868,0.266,16.84,0.508,12.1,NORMAL
Node03,185,0.932,0.311,22.57,0.537,14.4,NORMAL
Node03,186,0.979,0.41,29.26,0.179,15.9,NORMAL
Node03,187,0.921,0.514,28.18,0.72,17.3,NORMAL
Node03,188,0.863,0.514,28.6,0.444,16.3,NORMAL
Node03,189,0.804,0.207,29.11,0.446,15.3,NORMAL
Node03,190,1.034,0.116,23.58,0.701,15.3,NORMAL
Node03,191,0.758,0.436,25.92,0.114,13.6,NORMAL
Node03,192,0.869,0.19,28.18,0.35,14.9,NORMAL
Node03,193,0.897,0.462,16.87,0.715,13.5,NORMAL
Node03,194,0.797,0.38,24.43,0.48,14.4,NORMAL
Node03,195,0.987,0.08,23.58,0.524,14.3,NORMAL
Node03,196,0.865,0.489,24.63,0.379,14.7,NORMAL
Node03,197,0.923,0.349,22.37,0.627,14.7,NORMAL
Node03,198,1.155,0.435,23.73,0.536,16.3,NORMAL
Node03,199,0.825,0.368,24.17,0.453,14.3,NORMAL
Node03,200,0.9,0.2,24.29,0.193,13.4,NORMAL
Node03,201,0.807,0.386,27.93,0.356,15.1,NORMAL
Node03,202,0.801,0.334,26.97,0.599,15.4,NORMAL
Node03,203,0.923,0.479,20.06,0.798,14.9,NORMAL
Node03,204,0.987,0.265,29.71,0.331,16.2,NORMAL
Node03,205,0.903,0.723,29.83,0.496,17.6,NORMAL
Node03,206,1.023,0.174,24.29,0.486,14.9,NORMAL
Node03,207,0.872,0.0,24.12,0.348,13.1,NORMAL
Node03,208,0.814,0.795,27.34,0.276,15.8,NORMAL
Node03,209,0.834,0.429,26.5,0.751,16.2,NORMAL
Node03,210,0.992,0.366,27.23,0.515,16.3,NORMAL
Node03,211,0.926,0.388,18.45,0.421,12.9,NORMAL
Node03,212,0.979,0.348,26.06,0.482,15.7,NORMAL
Node03,213,0.924,0.485,32.45,0.859,19.1,NORMAL
Node03,214,0.911,0.676,28.29,0.45,16.9,NORMAL
Node03,215,0.887,0.226,18.99,0.474,12.6,NORMAL
Node03,216,0.838,0.07,21.41,0.678,13.4,NORMAL
Node03,217,1.13,0.12,22.82,0.144,13.7,NORMAL
Node03,218,0.776,0.439,35.43,0.277,17.2,NORMAL
Node03,219,0.835,0.504,27.67,0.678,16.6,NORMAL
Node03,220,0.921,0.514,26.44,0.228,15.1,NORMAL
Node03,221,0.865,0.628,28.15,0.804,17.6,NORMAL
Node03,222,0.749,0.005,29.16,0.405,14.3,NORMAL
Node03,223,0.836,0.56,32.46,0.564,17.9,NORMAL
Node03,224,0.819,0.0,20.44,0.621,12.6,NORMAL
Node03,225,0.806,0.284,26.9,0.629,15.4,NORMAL
Node03,226,0.763,0.271,32.94,0.617,17.0,NORMAL
Node03,227,0.811,0.779,24.35,0.446,15.4,NORMAL
Node03,228,0.828,0.45,24.98,0.867,16.2,NORMAL
Node03,229,0.853,0.499,28.52,0.673,16.9,NORMAL
Node03,230,0.888,0.378,27.84,0.429,15.7,NORMAL
Node03,231,0.743,0.253,25.99,0.484,14.2,NORMAL
Node03,232,0.866,0.294,20.93,0.278,12.7,NORMAL
Node03,233,0.946,0.245,22.92,0.374,13.9,NORMAL
Node03,234,0.947,0.29,25.7,0.526,15.4,NORMAL
Node03,235,0.979,0.199,32.47,0.54,17.5,NORMAL
Node03,236,0.908,0.083,22.74,0.339,13.1,NORMAL
Node03,237,0.864,0.5,26.74,0.455,15.7,NORMAL
Node03,238,0.836,0.323,29.8,0.444,16.0,NORMAL
Node03,239,0.835,0.067,25.42,0.847,15.2,NORMAL
Node03,240,0.793,0.484,24.48,0.681,15.3,NORMAL
Node03,241,0.788,0.0,28.27,0.475,14.4,NORMAL
Node03,242,0.809,0.196,27.06,0.523,14.9,NORMAL
Node03,243,0.889,0.459,28.16,0.362,15.8,NORMAL
Node03,244,0.861,0.236,24.99,0.654,15.0,NORMAL
Node03,245,1.028,0.2,26.7,0.555,16.0,NORMAL
Node03,246,0.865,0.473,27.59,0.492,16.0,NORMAL
Node03,247,0.872,0.61,25.41,0.714,16.5,NORMAL
Node03,248,0.938,0.445,21.51,0.161,13.3,NORMAL
Node03,249,0.818,0.538,26.69,0.445,15.5,NORMAL
Node03,250,0.938,0.107,26.01,0.429,14.6,NORMAL
Node03,251,0.798,0.0,28.19,0.156,13.4,NORMAL
Node03,252,0.994,0.586,24.86,0.571,16.4,NORMAL
Node03,253,0.733,0.395,22.4,0.537,13.6,NORMAL
Node03,254,0.99,0.384,25.27,0.515,15.7,NORMAL
Node03,255,0.679,0.304,25.25,0.375,13.5,NORMAL
Node03,256,0.897,0.024,19.54,0.529,12.5,NORMAL
Node03,257,0.975,0.427,23.09,1.066,16.9,NORMAL
Node03,258,0.769,0.312,27.9,0.311,14.6,NORMAL
Node03,259,0.822,0.237,29.03,0.425,15.4,NORMAL
Node03,260,0.816,0.67,26.97,0.726,16.9,NORMAL
Node03,261,0.892,0.059,23.94,0.286,13.1,NORMAL
Node03,262,0.838,0.495,23.38,0.515,14.7,NORMAL
Node03,263,0.897,0.431,23.2,0.388,14.3,NORMAL
Node03,264,1.025,0.466,24.45,0.75,16.6,NORMAL
Node03,265,0.835,0.429,29.8,0.349,15.9,NORMAL
Node03,266,0.837,0.03,27.79,0.069,13.3,NORMAL
Node03,267,0.752,0.476,18.56,0.392,12.3,NORMAL
Node03,268,0.719,0.389,28.13,0.663,15.8,NORMAL
Node03,269,0.794,0.259,24.97,0.462,14.1,NORMAL
Node03,270,0.905,0.205,24.26,0.516,14.5,NORMAL
Node03,271,0.868,0.443,26.92,0.684,16.4,NORMAL
Node03,272,0.87,0.164,21.33,0.092,11.8,NORMAL
Node03,273,0.953,0.08,19.32,0.628,13.2,NORMAL
Node03,274,0.853,0.288,20.86,0.525,13.4,NORMAL
Node03,275,0.9,0.584,28.41,0.389,16.4,NORMAL
Node03,276,0.947,0.483,24.78,0.787,16.5,NORMAL
Node03,277,0.948,0.287,26.46,0.435,15.3,NORMAL
Node03,278,0.96,0.425,23.19,0.829,16.1,NORMAL
Node03,279,0.885,0.306,23.36,0.307,13.7,NORMAL
Node03,280,0.899,0.294,27.81,0.121,14.5,NORMAL
Node03,281,0.849,0.172,29.64,0.623,16.2,NORMAL
Node03,282,0.753,0.343,26.28,0.492,14.7,NORMAL
Node03,283,0.859,0.324,26.58,0.315,14.6,NORMAL
Node03,284,0.833,0.407,25.4,0.615,15.4,NORMAL
Node03,285,0.804,0.5,26.09,0.533,15.4,NORMAL
Node03,286,0.841,0.038,20.91,0.561,12.8,NORMAL
Node03,287,0.775,0.339,23.71,0.69,14.6,NORMAL
Node03,288,0.865,0.227,24.52,0.698,15.0,NORMAL
Node03,289,0.844,0.384,22.6,0.446,13.9,NORMAL
Node03,290,0.937,0.375,29.43,0.33,16.1,NORMAL
Node03,291,0.726,0.356,29.06,0.568,15.7,NORMAL
Node03,292,0.839,0.226,25.3,0.487,14.4,NORMAL
Node03,293,0.816,0.026,29.72,0.169,14.1,NORMAL
Node03,294,0.851,0.174,25.26,0.285,13.7,NORMAL
Node03,295,0.815,0.173,21.3,0.197,11.9,NORMAL
Node03,296,0.866,0.479,24.17,0.815,16.0,NORMAL
Node03,297,0.926,0.128,30.66,0.745,17.2,NORMAL
Node03,298,0.843,0.594,25.76,0.437,15.5,NORMAL
Node03,299,0.81,0.371,26.89,0.61,15.6,NORMAL
Node03,300,0.782,0.327,15.96,0.722,12.3,NORMAL
Node03,301,0.859,0.422,24.81,0.368,14.5,NORMAL
Node03,302,0.808,0.579,31.31,0.459,17.1,NORMAL
Node03,303,0.767,0.469,19.9,0.393,12.7,NORMAL
Node03,304,0.712,0.368,28.77,0.395,15.0,NORMAL
Node03,305,0.967,0.037,30.95,0.619,16.8,NORMAL
Node03,306,0.864,0.341,27.41,0.395,15.2,NORMAL
Node03,307,0.756,0.484,21.22,0.642,14.0,NORMAL
Node03,308,0.826,0.556,30.17,0.677,17.5,NORMAL
Node03,309,1.166,0.607,28.55,0.631,18.6,NORMAL
Node03,310,0.806,0.454,27.01,0.71,16.2,NORMAL
Node03,311,0.785,0.0,20.73,0.582,12.4,NORMAL
Node03,312,0.795,0.033,23.28,0.661,13.6,NORMAL
Node03,313,0.953,0.05,29.5,0.443,15.7,NORMAL
Node03,314,0.922,0.285,25.33,0.541,15.2,NORMAL
Node03,315,0.895,0.0,20.52,0.323,12.0,NORMAL
Node03,316,0.872,0.523,26.49,0.389,15.5,NORMAL
Node03,317,0.819,0.097,23.48,0.376,13.0,NORMAL
Node03,318,1.033,0.356,24.1,0.444,15.2,NORMAL
Node03,319,0.97,0.118,23.79,0.351,13.9,NORMAL
Node03,320,0.948,0.531,25.14,0.452,15.7,NORMAL
Node03,321,0.872,0.544,28.71,0.675,17.2,NORMAL
Node03,322,0.717,0.343,30.35,0.535,15.9,NORMAL
Node03,323,0.989,0.648,18.61,0.26,13.5,NORMAL
Node03,324,0.756,0.29,21.99,0.757,14.1,NORMAL
Node03,325,0.69,0.743,27.66,0.0,14.2,NORMAL
Node03,326,0.963,0.416,29.25,0.721,17.6,NORMAL
Node03,327,0.975,0.451,27.67,0.465,16.4,NORMAL
Node03,328,1.016,0.007,24.75,0.524,14.7,NORMAL
Node03,329,0.736,0.0,23.84,0.336,12.3,NORMAL
Node03,330,0.998,0.19,30.31,0.586,17.0,NORMAL
Node03,331,0.935,0.689,17.06,0.455,13.5,NORMAL
Node03,332,0.86,0.418,22.55,0.744,15.1,NORMAL
Node03,333,0.879,0.0,25.35,0.507,14.1,NORMAL
Node03,334,0.902,0.173,28.01,0.887,16.8,NORMAL
Node03,335,0.899,0.418,26.67,0.661,16.3,NORMAL
Node03,336,0.96,0.23,21.8,0.566,14.2,NORMAL
Node03,337,0.817,0.257,23.7,0.242,13.1,NORMAL
Node03,338,0.989,0.807,29.27,0.475,18.0,NORMAL
Node03,339,0.962,0.369,18.52,0.315,12.7,NORMAL
Node03,340,0.802,0.138,26.13,0.685,14.9,NORMAL
Node03,341,1.05,0.113,22.34,0.368,13.8,NORMAL
Node03,342,0.953,0.481,23.24,0.382,14.7,NORMAL
Node03,343,0.879,0.38,26.36,0.623,15.9,NORMAL
Node03,344,0.747,0.553,26.79,0.0,13.7,NORMAL
Node03,345,0.84,0.303,25.05,0.492,14.6,NORMAL
Node03,346,0.898,0.295,27.67,0.377,15.3,NORMAL
Node03,347,1.027,0.237,26.87,0.574,16.2,NORMAL
Node03,348,0.853,0.31,22.53,0.893,15.2,NORMAL
Node03,349,0.995,0.423,23.84,0.694,16.0,NORMAL
Node03,350,0.849,0.403,29.95,0.415,16.2,NORMAL
Node03,351,0.903,0.226,29.21,0.15,14.9,NORMAL
Node03,352,1.024,0.224,29.92,0.452,16.7,NORMAL
Node03,353,0.881,0.331,28.64,0.623,16.4,NORMAL
Node03,354,0.747,0.515,20.46,0.346,12.8,NORMAL
Node03,355,0.818,0.028,26.43,0.672,14.8,NORMAL
Node03,356,0.807,0.38,26.35,0.462,15.0,NORMAL
Node03,357,0.951,0.302,25.35,0.331,14.7,NORMAL
Node03,358,0.86,0.596,29.92,0.863,18.3,NORMAL
Node03,359,0.981,0.256,27.01,0.468,15.7,NORMAL
Node03,360,0.907,0.66,25.3,0.577,16.3,NORMAL
Node03,361,0.976,0.523,27.12,0.286,15.8,NORMAL
Node03,362,0.961,0.177,23.32,0.581,14.6,NORMAL
Node03,363,1.028,0.356,20.75,0.39,14.0,NORMAL
Node03,364,0.971,0.416,20.93,0.503,14.3,NORMAL
Node03,365,0.894,0.54,28.37,0.517,16.7,NORMAL
Node04,1,1.094,1.698,24.04,0.69,20.1,NORMAL
Node04,2,0.958,1.727,23.04,0.327,18.0,NORMAL
Node04,3,0.944,1.672,20.69,0.447,17.4,NORMAL
Node04,4,1.112,1.696,20.74,0.421,18.2,NORMAL
Node04,5,0.884,1.778,20.34,1.195,19.8,NORMAL
Node04,6,1.023,1.604,19.55,0.406,17.1,NORMAL
Node04,7,1.021,1.603,22.23,0.633,18.7,NORMAL
Node04,8,1.036,1.741,21.39,0.369,18.0,NORMAL
Node04,9,0.902,1.474,20.77,0.628,17.3,NORMAL
Node04,10,0.997,1.546,22.76,0.306,17.5,NORMAL
Node04,11,0.912,1.553,20.55,0.479,17.0,NORMAL
Node04,12,0.909,1.473,22.16,0.545,17.5,NORMAL
Node04,13,1.04,1.769,21.66,0.841,19.8,NORMAL
Node04,14,0.992,1.667,23.49,0.571,18.9,NORMAL
Node04,15,0.998,1.673,20.0,0.624,18.0,NORMAL
Node04,16,0.996,1.73,23.61,0.645,19.4,NORMAL
Node04,17,1.035,1.723,21.95,0.824,19.6,NORMAL
Node04,18,0.875,1.618,20.65,0.577,17.3,NORMAL
Node04,19,1.006,1.688,24.6,0.549,19.3,NORMAL
Node04,20,1.087,1.626,20.94,0.299,17.6,NORMAL
Node04,21,1.132,1.539,21.29,0.944,19.8,NORMAL
Node04,22,1.056,1.681,21.68,0.274,17.7,NORMAL
Node04,23,1.059,1.804,20.78,0.403,18.2,NORMAL
Node04,24,1.157,1.631,23.16,0.941,20.8,NORMAL
Node04,25,0.97,1.667,20.85,0.062,16.3,NORMAL
Node04,26,1.136,1.752,21.78,0.586,19.4,NORMAL
Node04,27,0.995,1.497,21.31,0.35,17.0,NORMAL
Node04,28,0.966,1.809,21.04,0.283,17.4,NORMAL
Node04,29,1.057,1.733,24.66,0.549,19.7,NORMAL
Node04,30,0.942,1.563,23.68,0.366,17.8,NORMAL
Node04,31,1.083,1.909,20.27,0.2,17.8,NORMAL
Node04,32,1.034,1.671,23.67,0.179,17.9,NORMAL
Node04,33,1.097,1.643,20.01,0.445,17.9,NORMAL
Node04,34,1.09,1.899,21.57,0.632,19.6,NORMAL
Node04,35,0.955,1.808,22.65,0.803,19.6,NORMAL
Node04,36,0.956,1.531,20.11,0.843,18.2,NORMAL
Node04,37,1.025,1.445,21.52,0.659,18.1,NORMAL
Node04,38,1.11,1.728,20.71,0.459,18.4,NORMAL
Node04,39,0.913,1.483,23.51,0.668,18.3,NORMAL
Node04,40,1.048,1.443,21.3,0.417,17.4,NORMAL
Node04,41,1.189,1.592,20.61,0.258,17.7,NORMAL
Node04,42,1.003,1.604,22.39,0.887,19.5,NORMAL
Node04,43,1.026,1.401,24.27,0.337,17.8,NORMAL
Node04,44,1.014,1.6,23.27,0.517,18.6,NORMAL
Node04,45,1.11,1.629,22.94,0.275,18.2,NORMAL
Node04,46,0.994,1.594,22.22,0.15,16.9,NORMAL
Node04,47,0.984,1.829,24.6,0.812,20.5,NORMAL
Node04,48,1.168,1.785,25.46,0.619,20.9,NORMAL
Node04,49,1.056,1.635,23.46,0.576,19.2,NORMAL
Node04,50,2.737,1.63,22.96,0.334,26.6,WATCH
Node04,51,1.25,1.497,23.04,0.541,19.5,NORMAL
Node04,52,1.161,1.561,22.94,0.411,18.8,NORMAL
Node04,53,1.129,1.634,23.34,0.648,19.7,NORMAL
Node04,54,1.195,1.936,23.32,0.48,20.3,NORMAL
Node04,55,1.189,1.855,23.26,0.333,19.5,NORMAL
Node04,56,1.222,1.809,19.83,0.284,18.3,NORMAL
Node04,57,1.199,1.767,24.63,0.247,19.5,NORMAL
Node04,58,1.005,1.661,23.43,1.016,20.4,NORMAL
Node04,59,1.123,1.754,22.4,0.651,19.7,NORMAL
Node04,60,1.125,1.587,23.51,0.546,19.3,NORMAL
Node04,61,1.111,1.866,23.57,0.575,20.1,NORMAL
Node04,62,1.147,1.635,21.83,0.09,17.5,NORMAL
Node04,63,1.095,1.808,24.91,0.25,19.2,NORMAL
Node04,64,1.241,1.652,22.9,0.65,20.2,NORMAL
Node04,65,1.073,1.755,21.77,0.896,20.1,NORMAL
Node04,66,1.218,1.658,25.24,0.459,20.2,NORMAL
Node04,67,1.162,1.427,23.44,0.317,18.2,NORMAL
Node04,68,1.04,1.479,24.09,0.406,18.3,NORMAL
Node04,69,1.143,1.801,25.52,0.328,19.9,NORMAL
Node04,70,1.098,1.556,24.03,0.389,18.7,NORMAL
Node04,71,1.187,1.635,20.36,0.488,18.5,NORMAL
Node04,72,1.208,1.817,21.83,0.872,20.9,NORMAL
Node04,73,1.218,1.675,25.28,0.475,20.3,NORMAL
Node04,74,1.176,1.648,20.95,0.507,18.8,NORMAL
Node04,75,1.033,1.83,25.52,0.232,19.1,NORMAL
Node04,76,1.113,1.706,23.98,0.073,18.1,NORMAL
Node04,77,1.122,1.502,22.74,0.25,17.8,NORMAL
Node04,78,1.016,1.505,23.73,0.337,17.9,NORMAL
Node04,79,1.222,1.605,26.75,0.451,20.5,NORMAL
Node04,80,1.059,1.735,23.96,0.602,19.7,NORMAL
Node04,81,1.046,1.592,22.54,0.205,17.5,NORMAL
Node04,82,1.103,1.731,23.55,0.652,19.9,NORMAL
Node04,83,1.026,1.701,25.17,0.679,20.1,NORMAL
Node04,84,1.069,1.672,24.55,0.475,19.3,NORMAL
Node04,85,0.991,1.758,25.09,0.544,19.6,NORMAL
Node04,86,1.028,1.449,22.8,0.458,17.9,NORMAL
Node04,87,1.077,1.733,26.28,0.463,20.0,NORMAL
Node04,88,1.166,1.724,25.03,0.595,20.5,NORMAL
Node04,89,1.093,1.571,23.06,0.329,18.2,NORMAL
Node04,90,1.152,1.847,24.56,0.254,19.5,NORMAL
Node04,91,1.127,1.968,23.27,0.502,20.1,NORMAL
Node04,92,1.166,1.71,26.21,0.236,19.6,NORMAL
Node04,93,1.169,1.574,23.38,0.618,19.7,NORMAL
Node04,94,0.985,1.913,23.89,0.607,19.8,NORMAL
Node04,95,0.983,1.682,25.2,0.725,20.0,NORMAL
Node04,96,1.121,1.672,24.39,0.603,20.0,NORMAL
Node04,97,1.27,1.65,22.02,0.771,20.5,NORMAL
Node04,98,1.089,1.866,24.3,0.452,19.8,NORMAL
Node04,99,1.062,1.657,26.35,0.641,20.4,NORMAL
Node04,100,1.034,1.7,26.52,0.691,20.6,NORMAL
Node04,101,1.104,1.721,24.29,0.499,19.6,NORMAL
Node04,102,0.997,1.495,26.93,0.313,18.7,NORMAL
Node04,103,1.13,1.652,21.71,0.692,19.4,NORMAL
Node04,104,1.073,1.526,25.47,0.65,19.8,NORMAL
Node04,105,1.008,1.737,22.24,0.549,18.7,NORMAL
Node04,106,1.087,1.735,24.51,0.301,19.0,NORMAL
Node04,107,1.119,1.861,23.28,0.53,19.9,NORMAL
Node04,108,1.121,1.935,23.41,0.558,20.2,NORMAL
Node04,109,1.206,1.885,24.16,0.54,20.7,NORMAL
Node04,110,1.134,1.865,21.74,0.318,18.8,NORMAL
Node04,111,1.14,1.682,25.33,0.371,19.6,NORMAL
Node04,112,1.226,1.741,24.25,0.376,19.9,NORMAL
Node04,113,1.095,1.743,23.26,0.607,19.7,NORMAL
Node04,114,0.988,1.716,25.13,0.656,19.8,NORMAL
Node04,115,1.189,1.811,24.91,0.389,20.1,NORMAL
Node04,116,1.194,1.717,23.67,0.605,20.2,NORMAL
Node04,117,1.053,1.788,24.24,0.373,19.1,NORMAL
Node04,118,1.059,1.693,24.36,0.592,19.7,NORMAL
Node04,119,1.14,1.599,22.74,0.51,19.0,NORMAL
Node04,120,0.894,1.713,26.14,0.383,18.8,NORMAL
Node04,121,1.132,1.435,24.17,0.143,17.8,NORMAL
Node04,122,1.069,1.805,24.72,0.104,18.5,NORMAL
Node04,123,1.071,1.68,25.1,0.561,19.8,NORMAL
Node04,124,1.26,1.78,26.97,0.646,21.9,NORMAL
Node04,125,1.337,1.747,27.36,0.842,23.0,NORMAL
Node04,126,1.47,1.839,28.11,0.974,24.6,NORMAL
Node04,127,1.561,2.224,25.55,0.632,24.2,NORMAL
Node04,128,1.93,2.435,31.64,0.945,29.6,WATCH
Node04,129,1.828,2.538,33.22,0.932,29.8,WATCH
Node04,130,2.042,3.14,32.22,0.835,31.9,WATCH
Node04,131,2.383,3.179,33.02,0.567,33.1,WATCH
Node04,132,2.326,3.439,37.69,0.756,35.6,WATCH
Node04,133,2.355,3.993,37.54,1.03,38.2,WATCH
Node04,134,2.302,4.271,35.26,0.884,37.5,WATCH
Node04,135,2.62,4.201,35.62,0.943,39.2,WATCH
Node04,136,2.905,3.956,48.0,1.486,45.6,WATCH
Node04,137,2.942,4.786,46.64,1.075,46.3,WATCH
Node04,138,3.407,5.227,49.72,0.894,50.2,WARNING
Node04,139,2.628,4.975,42.41,1.506,45.4,WATCH
Node04,140,3.173,4.557,49.9,0.997,47.6,WATCH
Node04,141,3.508,4.939,53.86,1.036,51.7,WARNING
Node04,142,3.456,5.592,47.85,1.289,52.2,WARNING
Node04,143,4.514,6.422,53.7,1.553,62.5,WARNING
Node04,144,4.565,5.101,51.13,1.702,58.8,WARNING
Node04,145,5.116,6.831,63.08,1.697,70.1,WARNING
Node04,146,3.908,5.946,61.59,1.784,61.5,WARNING
Node04,147,5.674,5.983,55.0,1.949,68.9,WARNING
Node04,148,5.608,7.217,70.21,1.038,73.7,WARNING
Node04,149,5.656,8.254,61.28,2.599,79.2,CRITICAL
Node04,150,4.529,7.955,62.96,1.168,68.5,WARNING
Node04,151,5.183,9.721,78.8,2.514,84.2,CRITICAL
Node04,152,6.995,8.115,78.96,1.969,84.0,CRITICAL
Node04,153,5.557,7.498,80.68,2.152,81.3,CRITICAL
Node04,154,7.443,10.662,90.79,1.533,88.8,CRITICAL
Node04,155,5.139,10.67,82.71,2.996,86.8,CRITICAL
Node04,156,7.553,9.805,79.38,2.127,87.2,CRITICAL
Node04,157,5.589,10.311,86.64,2.565,88.9,CRITICAL
Node04,158,5.761,8.679,103.98,2.11,89.9,CRITICAL
Node04,159,6.289,10.83,76.24,3.602,91.1,CRITICAL
Node04,160,8.779,13.69,80.7,3.803,93.2,CRITICAL
Node04,161,7.507,13.133,90.15,2.668,92.4,CRITICAL
Node04,162,7.315,10.068,96.08,2.459,93.2,CRITICAL
Node04,163,8.066,9.967,100.39,3.749,97.5,CRITICAL
Node04,164,9.689,15.009,95.44,3.986,98.3,CRITICAL
Node04,165,8.144,15.373,110.92,1.694,90.6,CRITICAL
Node04,166,11.545,16.928,122.49,5.226,100.0,CRITICAL
Node04,167,10.498,16.985,109.81,3.412,96.4,CRITICAL
Node04,168,7.989,17.625,111.99,1.958,91.5,CRITICAL
Node04,169,8.216,12.131,98.04,3.227,95.8,CRITICAL
Node04,170,8.687,16.466,105.74,3.556,96.9,CRITICAL
Node04,171,12.377,13.865,152.25,5.957,100.0,CRITICAL
Node04,172,10.481,18.991,143.56,4.694,100.0,CRITICAL
Node04,173,11.24,15.115,140.24,3.812,97.7,CRITICAL
Node04,174,14.56,20.269,129.37,2.953,94.8,CRITICAL
Node04,175,13.532,14.403,175.18,4.431,99.8,CRITICAL
Node04,176,10.336,22.852,177.12,3.258,95.9,CRITICAL
Node04,177,11.962,18.155,167.31,6.896,100.0,CRITICAL
Node04,178,12.901,15.691,172.38,5.737,100.0,CRITICAL
Node04,179,16.835,17.453,130.93,3.206,95.7,CRITICAL
Node04,180,14.344,22.015,195.85,5.122,100.0,CRITICAL
Node04,181,17.459,18.67,200.08,6.029,100.0,CRITICAL
Node04,182,14.846,27.328,195.99,2.824,94.4,CRITICAL
Node04,183,15.244,19.552,154.4,6.237,100.0,CRITICAL
Node04,184,15.187,23.371,198.45,7.949,100.0,CRITICAL
Node04,185,12.503,27.912,223.66,8.726,100.0,CRITICAL
Node04,186,20.393,30.057,236.55,6.988,100.0,CRITICAL
Node04,187,13.866,26.667,205.86,5.389,100.0,CRITICAL
Node04,188,20.797,20.32,209.48,8.053,100.0,CRITICAL
Node04,189,20.197,21.236,207.45,3.47,96.6,CRITICAL
Node04,190,21.768,21.618,261.58,6.44,100.0,CRITICAL
Node04,191,18.897,23.19,221.75,3.397,96.3,CRITICAL
Node04,192,19.55,25.361,224.87,2.643,93.8,CRITICAL
Node04,193,18.22,29.121,249.16,3.124,95.4,CRITICAL
Node04,194,21.651,28.93,232.83,9.422,100.0,CRITICAL
Node04,195,24.34,39.145,197.78,8.631,100.0,CRITICAL
Node04,196,26.73,34.668,236.88,8.276,100.0,CRITICAL
Node04,197,19.042,27.197,285.69,4.507,100.0,CRITICAL
Node04,198,24.482,39.674,231.58,8.753,100.0,CRITICAL
Node04,199,29.957,33.231,233.12,6.096,100.0,CRITICAL
Node04,200,25.831,41.003,300.8,8.483,100.0,CRITICAL
Node04,201,27.352,43.309,335.38,10.334,100.0,CRITICAL
Node04,202,27.609,32.841,247.5,8.963,100.0,CRITICAL
Node04,203,31.992,48.326,241.83,5.226,100.0,CRITICAL
Node04,204,30.685,48.498,355.17,10.275,100.0,CRITICAL
Node04,205,20.888,46.766,357.79,9.452,100.0,CRITICAL
Node04,206,23.337,42.832,327.16,11.383,100.0,CRITICAL
Node04,207,36.318,50.562,303.62,4.497,100.0,CRITICAL
Node04,208,24.904,48.945,279.33,10.757,100.0,CRITICAL
Node04,209,29.211,42.028,429.3,8.799,100.0,CRITICAL
Node04,210,40.336,40.885,433.15,10.455,100.0,CRITICAL
Node04,211,30.562,44.687,369.88,12.101,100.0,CRITICAL
Node04,212,34.089,46.374,431.02,8.322,100.0,CRITICAL
Node04,213,41.371,60.269,441.93,14.115,100.0,CRITICAL
Node04,214,42.737,41.059,436.19,6.982,100.0,CRITICAL
Node04,215,42.496,56.659,344.56,11.555,100.0,CRITICAL
Node04,216,43.273,62.148,362.64,22.787,100.0,CRITICAL
Node04,217,34.795,42.713,392.6,9.025,100.0,CRITICAL
Node04,218,46.207,69.299,374.7,11.311,100.0,CRITICAL
Node04,219,30.105,65.848,485.27,7.624,100.0,CRITICAL
Node04,220,45.033,68.126,485.42,14.863,100.0,CRITICAL
Node04,221,37.638,70.967,381.41,9.665,100.0,CRITICAL
Node04,222,40.007,75.493,370.67,13.899,100.0,CRITICAL
Node04,223,35.104,77.63,471.54,9.621,100.0,CRITICAL
Node04,224,35.326,79.792,449.42,10.489,100.0,CRITICAL
Node04,225,40.322,80.403,550.2,19.815,100.0,CRITICAL
Node04,226,52.131,62.129,572.42,12.641,100.0,CRITICAL
Node04,227,56.101,78.676,611.01,15.893,100.0,CRITICAL
Node04,228,36.77,70.092,650.23,11.685,100.0,CRITICAL
Node04,229,47.867,75.9,544.32,25.057,100.0,CRITICAL
Node04,230,49.589,88.539,457.44,26.279,100.0,CRITICAL
Node04,231,58.751,85.94,615.66,11.579,100.0,CRITICAL
Node04,232,43.866,89.96,557.4,17.467,100.0,CRITICAL
Node04,233,48.029,96.974,639.38,24.297,100.0,CRITICAL
Node04,234,62.75,68.946,726.28,9.207,100.0,CRITICAL
Node04,235,49.888,77.789,609.69,21.551,100.0,CRITICAL
Node04,236,54.79,108.4,626.88,18.924,100.0,CRITICAL
Node04,237,69.273,102.428,725.54,22.628,100.0,CRITICAL
Node04,238,58.712,96.266,533.87,13.943,100.0,CRITICAL
Node04,239,62.378,91.614,746.18,19.98,100.0,CRITICAL
Node04,240,78.532,115.735,784.77,12.712,100.0,CRITICAL
Node04,241,53.232,90.184,841.21,21.688,100.0,CRITICAL
Node04,242,50.353,77.776,653.85,18.903,100.0,CRITICAL
Node04,243,54.439,99.988,701.58,24.139,100.0,CRITICAL
Node04,244,57.764,123.063,604.32,13.245,100.0,CRITICAL
Node04,245,87.423,117.197,651.36,36.161,100.0,CRITICAL
Node04,246,64.579,88.89,707.3,14.281,100.0,CRITICAL
Node04,247,75.499,89.854,736.75,43.467,100.0,CRITICAL
Node04,248,59.627,127.786,915.97,17.095,100.0,CRITICAL
Node04,249,69.977,90.94,961.98,14.561,100.0,CRITICAL
Node04,250,77.63,140.873,714.77,29.027,100.0,CRITICAL
Node04,251,105.938,94.044,930.3,31.819,100.0,CRITICAL
Node04,252,76.298,145.697,821.73,13.249,100.0,CRITICAL
Node04,253,100.24,115.705,939.55,49.894,100.0,CRITICAL
Node04,254,93.533,101.252,1106.93,25.676,100.0,CRITICAL
Node04,255,112.904,145.163,1200.86,19.618,100.0,CRITICAL
Node04,256,106.539,149.038,978.9,34.267,100.0,CRITICAL
Node04,257,79.357,176.663,956.4,32.158,100.0,CRITICAL
Node04,258,96.266,113.772,1235.76,32.426,100.0,CRITICAL
Node04,259,89.732,153.55,899.24,40.545,100.0,CRITICAL
Node04,260,77.638,188.467,1231.26,53.65,100.0,CRITICAL
Node04,261,134.247,124.609,1031.07,17.566,100.0,CRITICAL
Node04,262,119.126,132.348,986.75,18.276,100.0,CRITICAL
Node04,263,115.979,140.491,1412.14,42.702,100.0,CRITICAL
Node04,264,132.315,141.475,1102.74,43.75,100.0,CRITICAL
Node04,265,129.993,181.065,1480.91,32.819,100.0,CRITICAL
Node04,266,104.36,212.044,1050.11,51.451,100.0,CRITICAL
Node04,267,141.116,219.696,1158.1,26.053,100.0,CRITICAL
Node04,268,122.041,184.177,1218.2,46.931,100.0,CRITICAL
Node04,269,96.076,205.231,1148.49,46.736,100.0,CRITICAL
Node04,270,139.97,145.832,1388.06,49.835,100.0,CRITICAL
Node04,271,165.209,212.486,1590.27,30.189,100.0,CRITICAL
Node04,272,154.333,179.36,1258.54,59.205,100.0,CRITICAL
Node04,273,164.994,172.869,1269.49,39.515,100.0,CRITICAL
Node04,274,181.976,158.79,1349.53,67.762,100.0,CRITICAL
Node04,275,131.57,227.481,1988.04,64.651,100.0,CRITICAL
Node04,276,169.337,176.343,1704.29,43.595,100.0,CRITICAL
Node04,277,179.229,252.491,1530.29,52.396,100.0,CRITICAL
Node04,278,158.214,199.688,1853.99,37.76,100.0,CRITICAL
Node04,279,143.718,280.672,1838.64,83.974,100.0,CRITICAL
Node04,280,144.505,212.109,1558.21,62.53,100.0,CRITICAL
Node04,281,169.544,262.352,1445.14,83.976,100.0,CRITICAL
Node04,282,203.461,264.048,1558.13,47.983,100.0,CRITICAL
Node04,283,184.758,280.526,2215.88,81.293,100.0,CRITICAL
Node04,284,167.06,262.584,2291.06,72.536,100.0,CRITICAL
Node04,285,181.712,224.128,2440.89,60.501,100.0,CRITICAL
Node04,286,208.565,273.809,2416.18,49.434,100.0,CRITICAL
Node04,287,159.879,329.912,2270.72,41.163,100.0,CRITICAL
Node04,288,160.45,227.059,1752.36,52.066,100.0,CRITICAL
Node04,289,163.623,250.453,2426.01,54.745,100.0,CRITICAL
Node04,290,244.972,328.659,1777.33,69.428,100.0,CRITICAL
Node04,291,246.42,236.439,2587.18,87.841,100.0,CRITICAL
Node04,292,177.994,300.997,2339.14,69.119,100.0,CRITICAL
Node04,293,236.822,362.489,2556.32,76.928,100.0,CRITICAL
Node04,294,212.217,345.09,2997.24,94.975,100.0,CRITICAL
Node04,295,220.855,253.857,2338.24,78.178,100.0,CRITICAL
Node04,296,240.546,405.605,2759.2,51.069,100.0,CRITICAL
Node04,297,282.116,378.01,2636.02,103.902,100.0,CRITICAL
Node04,298,221.197,321.499,3057.68,152.719,100.0,CRITICAL
Node04,299,215.805,346.495,2488.61,45.418,100.0,CRITICAL
Node04,300,311.792,421.015,2847.73,80.437,100.0,CRITICAL
Node04,301,207.815,410.287,3283.26,101.145,100.0,CRITICAL
Node04,302,202.908,349.638,2506.77,72.646,100.0,CRITICAL
Node04,303,279.375,352.991,2732.85,135.128,100.0,CRITICAL
Node04,304,324.807,475.921,3523.42,116.452,100.0,CRITICAL
Node04,305,277.058,384.188,2956.48,62.502,100.0,CRITICAL
Node04,306,214.387,429.246,3432.92,57.681,100.0,CRITICAL
Node04,307,344.498,455.892,3029.07,116.285,100.0,CRITICAL
Node04,308,263.051,369.469,3396.57,130.939,100.0,CRITICAL
Node04,309,330.948,557.429,3077.29,120.36,100.0,CRITICAL
Node04,310,404.042,515.733,2930.9,119.588,100.0,CRITICAL
Node04,311,334.965,586.826,3401.92,155.235,100.0,CRITICAL
Node04,312,401.589,438.348,3237.01,54.851,100.0,CRITICAL
Node04,313,383.802,506.505,4322.62,126.614,100.0,CRITICAL
Node04,314,256.538,567.877,4163.64,115.486,100.0,CRITICAL
Node04,315,455.204,466.449,3695.61,119.215,100.0,CRITICAL
Node04,316,412.564,493.474,3725.03,98.705,100.0,CRITICAL
Node04,317,284.092,419.8,3130.81,70.277,100.0,CRITICAL
Node04,318,475.976,600.716,3859.02,147.282,100.0,CRITICAL
Node04,319,442.693,573.661,3477.52,206.708,100.0,CRITICAL
Node04,320,492.645,673.037,5288.61,189.784,100.0,CRITICAL
Node04,321,429.291,479.555,3475.07,98.958,100.0,CRITICAL
Node04,322,488.253,740.384,3577.97,111.77,100.0,CRITICAL
Node04,323,317.141,515.046,5547.19,141.774,100.0,CRITICAL
Node04,324,394.162,620.105,4270.64,150.329,100.0,CRITICAL
Node04,325,375.845,601.065,4543.3,149.141,100.0,CRITICAL
Node04,326,568.518,589.414,3944.31,167.236,100.0,CRITICAL
Node04,327,417.014,770.705,4111.55,239.025,100.0,CRITICAL
Node04,328,375.5,710.926,5475.25,200.008,100.0,CRITICAL
Node04,329,617.638,839.84,6599.84,92.107,100.0,CRITICAL
Node04,330,517.673,713.619,4991.66,129.722,100.0,CRITICAL
Node04,331,446.627,891.259,6369.03,222.971,100.0,CRITICAL
Node04,332,641.685,849.721,4824.26,125.542,100.0,CRITICAL
Node04,333,663.799,884.004,6653.07,129.426,100.0,CRITICAL
Node04,334,511.308,847.642,6982.3,84.014,100.0,CRITICAL
Node04,335,459.417,648.226,5097.74,261.389,100.0,CRITICAL
Node04,336,649.579,880.008,6636.38,199.98,100.0,CRITICAL
Node04,337,704.642,780.675,5498.67,256.328,100.0,CRITICAL
Node04,338,437.977,718.541,7538.31,230.234,100.0,CRITICAL
Node04,339,612.735,791.969,7122.03,321.308,100.0,CRITICAL
Node04,340,496.894,814.623,5765.13,165.902,100.0,CRITICAL
Node04,341,708.465,1120.616,6844.52,299.623,100.0,CRITICAL
Node04,342,762.53,951.3,5385.18,130.68,100.0,CRITICAL
Node04,343,818.51,1134.049,7334.01,88.023,100.0,CRITICAL
Node04,344,819.555,1052.845,7016.86,202.395,100.0,CRITICAL
Node04,345,712.094,989.457,8458.27,348.576,100.0,CRITICAL
Node04,346,840.978,999.702,9497.72,385.597,100.0,CRITICAL
Node04,347,752.425,1031.622,9014.44,403.149,100.0,CRITICAL
Node04,348,650.23,1253.883,8049.56,107.693,100.0,CRITICAL
Node04,349,675.532,1011.421,6423.82,176.64,100.0,CRITICAL
Node04,350,776.201,1240.927,9868.35,322.106,100.0,CRITICAL
Node04,351,771.135,970.901,7118.46,320.019,100.0,CRITICAL
Node04,352,714.636,1124.5,10808.4,151.499,100.0,CRITICAL
Node04,353,856.148,1243.239,9417.16,131.748,100.0,CRITICAL
Node04,354,894.494,1251.59,7163.13,274.637,100.0,CRITICAL
Node04,355,764.359,1391.984,9264.26,217.344,100.0,CRITICAL
Node04,356,852.521,1252.654,8458.6,426.812,100.0,CRITICAL
Node04,357,736.051,1080.049,8793.89,161.024,100.0,CRITICAL
Node04,358,708.13,1372.587,11859.52,517.293,100.0,CRITICAL
Node04,359,1165.008,1449.363,10782.09,383.467,100.0,CRITICAL
Node04,360,849.694,1456.706,12049.68,139.122,100.0,CRITICAL
Node04,361,1131.492,1317.813,9655.17,188.132,100.0,CRITICAL
Node04,362,935.508,1641.746,9081.48,483.799,100.0,CRITICAL
Node04,363,766.341,1162.351,11024.66,515.471,100.0,CRITICAL
Node04,364,1211.283,1302.79,10254.08,174.973,100.0,CRITICAL
Node04,365,1083.864,1920.227,9192.22,493.196,100.0,CRITICAL
